,unit_number,time,operational_setting_1,operations_setting_2,operational_setting_3,_sensor_1,_sensor_2,_sensor_3,_sensor_4,_sensor_5,_sensor_6,_sensor_7,_sensor_8,_sensor_9,_sensor_10,_sensor_11,_sensor_12,_sensor_13,_sensor_14,_sensor_15,_sensor_16,_sensor_17,_sensor_18,_sensor_19,_sensor_20,_sensor_21,anomaly
180,1,181,-0.0006,0.0005,100.0,518.67,643.44,1596.71,1420.64,14.62,21.61,551.83,2388.23,9038.29,1.3,48.1,520.43,2388.23,8114.79,8.472,0.03,397,2388,100.0,38.34,23.1652,-1
181,1,182,-0.001,0.0003,100.0,518.67,644.21,1602.08,1426.62,14.62,21.61,551.9,2388.26,9041.23,1.3,47.98,520.46,2388.25,8119.67,8.5158,0.03,397,2388,100.0,38.43,23.1787,-1
183,1,184,0.0004,0.0003,100.0,518.67,644.07,1605.44,1432.52,14.62,21.61,551.0,2388.24,9047.91,1.3,48.07,519.77,2388.28,8115.61,8.5133,0.03,395,2388,100.0,38.43,23.0146,-1
186,1,187,-0.0047,-0.0,100.0,518.67,643.32,1592.1,1427.27,14.62,21.61,551.08,2388.29,9037.71,1.3,48.23,519.53,2388.28,8115.67,8.5218,0.03,396,2388,100.0,38.42,23.0822,-1
187,1,188,-0.0067,0.0003,100.0,518.67,643.75,1602.38,1422.78,14.62,21.61,551.94,2388.31,9037.91,1.3,48.0,519.79,2388.23,8117.69,8.5207,0.03,396,2388,100.0,38.51,22.9588,-1
188,1,189,-0.0006,0.0002,100.0,518.67,644.18,1596.17,1428.01,14.62,21.61,550.7,2388.27,9044.55,1.3,48.08,519.58,2388.33,8117.51,8.5183,0.03,395,2388,100.0,38.48,23.1127,-1
189,1,190,-0.0027,0.0001,100.0,518.67,643.64,1599.22,1425.95,14.62,21.61,551.29,2388.29,9040.58,1.3,48.33,520.04,2388.35,8112.58,8.5223,0.03,398,2388,100.0,38.49,23.0675,-1
190,1,191,-0.0,-0.0004,100.0,518.67,643.34,1602.36,1425.77,14.62,21.61,550.92,2388.28,9042.76,1.3,48.15,519.57,2388.3,8114.61,8.5174,0.03,394,2388,100.0,38.45,23.1295,-1
191,1,192,0.0009,-0.0,100.0,518.67,643.54,1601.41,1427.2,14.62,21.61,551.25,2388.32,9033.22,1.3,48.25,520.08,2388.32,8110.93,8.5113,0.03,396,2388,100.0,38.48,22.9649,-1
192,2,1,-0.0018,0.0006,100.0,518.67,641.89,1583.84,1391.28,14.62,21.6,554.53,2388.01,9054.72,1.3,46.93,522.33,2388.06,8137.72,8.3905,0.03,391,2388,100.0,38.94,23.4585,-1
194,2,3,0.0018,0.0003,100.0,518.67,641.55,1588.32,1398.96,14.62,21.6,555.14,2388.04,9054.24,1.3,47.22,522.58,2387.99,8140.58,8.3802,0.03,391,2388,100.0,39.11,23.425,-1
196,2,5,0.0005,0.0004,100.0,518.67,641.73,1579.03,1402.52,14.62,21.6,555.12,2388.03,9058.15,1.3,47.25,522.27,2387.94,8136.67,8.3867,0.03,390,2388,100.0,39.18,23.4234,-1
200,2,9,0.0017,-0.0004,100.0,518.67,641.98,1581.99,1395.01,14.62,21.6,554.69,2388.02,9051.67,1.3,47.14,522.4,2387.98,8145.29,8.3868,0.03,390,2388,100.0,39.06,23.4875,-1
201,2,10,-0.0045,0.0002,100.0,518.67,641.99,1586.37,1394.86,14.62,21.6,554.63,2387.99,9058.88,1.3,47.21,521.99,2387.97,8138.64,8.3982,0.03,391,2388,100.0,39.2,23.6005,-1
243,2,52,-0.001,-0.0001,100.0,518.67,641.52,1588.48,1401.66,14.62,21.6,554.76,2388.0,9056.25,1.3,47.09,522.58,2388.01,8134.22,8.4064,0.03,392,2388,100.0,39.08,23.3668,-1
246,2,55,-0.0035,-0.0004,100.0,518.67,642.33,1585.59,1387.16,14.62,21.6,554.54,2388.02,9044.62,1.3,47.18,522.7,2388.02,8134.65,8.4077,0.03,392,2388,100.0,39.11,23.3779,-1
266,2,75,0.0025,0.0004,100.0,518.67,641.64,1578.27,1390.64,14.62,21.6,555.45,2387.95,9053.52,1.3,47.09,522.54,2388.07,8133.37,8.3944,0.03,392,2388,100.0,38.99,23.421,-1
276,2,85,0.0002,0.0004,100.0,518.67,641.73,1588.31,1398.33,14.62,21.6,554.5,2387.97,9049.41,1.3,47.19,522.63,2387.96,8137.66,8.3954,0.03,391,2388,100.0,39.13,23.4072,-1
470,2,279,0.0006,0.0005,100.0,518.67,643.64,1594.8,1426.95,14.62,21.61,551.16,2388.19,9096.6,1.3,48.13,519.66,2388.26,8164.77,8.5237,0.03,395,2388,100.0,38.51,23.046,-1
472,2,281,-0.0009,-0.0003,100.0,518.67,643.6,1598.25,1424.36,14.62,21.61,551.44,2388.18,9089.18,1.3,48.17,519.48,2388.15,8167.57,8.5377,0.03,398,2388,100.0,38.52,23.0385,-1
473,2,282,0.0012,-0.0,100.0,518.67,643.94,1598.56,1426.87,14.62,21.61,552.29,2388.23,9092.2,1.3,48.27,520.05,2388.18,8168.43,8.5149,0.03,397,2388,100.0,38.44,23.094,-1
474,2,283,0.0046,0.0002,100.0,518.67,643.78,1602.03,1429.67,14.62,21.61,551.46,2388.16,9084.13,1.3,48.21,520.07,2388.2,8174.85,8.5199,0.03,398,2388,100.0,38.42,23.0358,-1
475,2,284,-0.0006,0.0001,100.0,518.67,643.91,1601.35,1430.04,14.62,21.61,551.96,2388.22,9089.87,1.3,48.18,519.95,2388.21,8166.83,8.5291,0.03,395,2388,100.0,38.23,23.1196,-1
476,2,285,-0.0007,0.0004,100.0,518.67,643.67,1596.84,1431.17,14.62,21.61,550.85,2388.2,9098.67,1.3,48.27,519.91,2388.22,8164.83,8.5242,0.03,396,2388,100.0,38.39,23.1155,-1
477,2,286,-0.001,-0.0003,100.0,518.67,643.44,1603.63,1429.57,14.62,21.61,551.61,2388.18,9102.01,1.3,48.14,519.51,2388.22,8169.97,8.4932,0.03,395,2388,100.0,38.33,23.0169,-1
478,2,287,-0.0005,0.0006,100.0,518.67,643.85,1608.5,1430.84,14.62,21.61,551.66,2388.2,9109.36,1.3,48.12,519.81,2388.21,8175.57,8.5365,0.03,398,2388,100.0,38.43,23.0848,-1
520,3,42,0.0027,-0.0003,100.0,518.67,642.61,1586.25,1404.49,14.62,21.6,554.31,2387.97,9058.97,1.3,47.31,522.02,2388.01,8140.13,8.3828,0.03,390,2388,100.0,39.11,23.4412,-1
644,3,166,0.003,-0.0002,100.0,518.67,642.9,1598.82,1419.27,14.62,21.61,552.56,2388.04,9153.66,1.3,47.79,520.98,2388.08,8218.07,8.5133,0.03,395,2388,100.0,38.52,23.1578,-1
646,3,168,-0.0012,0.0002,100.0,518.67,643.46,1593.72,1422.59,14.62,21.61,552.04,2388.11,9154.65,1.3,47.93,520.75,2388.1,8221.68,8.5141,0.03,395,2388,100.0,38.49,23.2036,-1
648,3,170,-0.0015,-0.0003,100.0,518.67,643.35,1606.1,1428.52,14.62,21.61,553.34,2388.12,9159.3,1.3,48.14,520.62,2388.13,8230.71,8.4758,0.03,395,2388,100.0,38.48,23.1829,-1
649,3,171,-0.0011,-0.0003,100.0,518.67,643.36,1603.48,1419.33,14.62,21.61,551.57,2388.16,9170.51,1.3,47.91,520.75,2388.15,8233.24,8.5011,0.03,395,2388,100.0,38.7,23.1225,-1
650,3,172,-0.0017,-0.0004,100.0,518.67,643.62,1597.73,1426.38,14.62,21.61,552.89,2388.08,9168.78,1.3,47.64,520.25,2388.06,8235.35,8.5219,0.03,396,2388,100.0,38.85,23.2086,-1
651,3,173,0.0028,-0.0002,100.0,518.67,643.64,1604.78,1417.29,14.62,21.61,552.16,2388.14,9174.85,1.3,48.16,520.7,2388.11,8234.4,8.4763,0.03,394,2388,100.0,38.51,23.1498,-1
652,3,174,0.0034,-0.0005,100.0,518.67,643.46,1602.86,1424.79,14.62,21.61,552.29,2388.13,9179.87,1.3,47.84,520.02,2388.14,8234.96,8.5363,0.03,396,2388,100.0,38.53,23.0144,-1
653,3,175,-0.003,0.0004,100.0,518.67,643.15,1603.74,1424.17,14.62,21.61,551.47,2388.06,9172.76,1.3,48.12,520.34,2388.14,8238.86,8.5066,0.03,396,2388,100.0,38.49,22.9909,-1
654,3,176,-0.0008,0.0002,100.0,518.67,643.93,1595.61,1438.51,14.62,21.61,551.93,2388.18,9185.88,1.3,47.98,520.91,2388.12,8251.82,8.5245,0.03,396,2388,100.0,38.49,23.0656,-1
655,3,177,-0.0041,-0.0002,100.0,518.67,643.68,1601.21,1423.5,14.62,21.61,552.17,2388.13,9191.53,1.3,48.1,520.19,2388.16,8249.86,8.5286,0.03,397,2388,100.0,38.37,23.0336,-1
656,3,178,-0.001,0.0001,100.0,518.67,643.66,1606.5,1430.55,14.62,21.61,551.31,2388.19,9193.98,1.3,48.38,520.14,2388.12,8253.84,8.5351,0.03,399,2388,100.0,38.57,23.1323,-1
657,3,179,0.0012,0.0,100.0,518.67,643.51,1604.8,1428.23,14.62,21.61,551.91,2388.14,9197.52,1.3,48.09,519.53,2388.2,8255.34,8.5056,0.03,398,2388,100.0,38.4,22.9562,-1
835,4,178,0.0006,0.0003,100.0,518.67,643.38,1606.48,1431.78,14.62,21.61,551.71,2388.17,9164.28,1.3,47.86,520.28,2388.11,8221.61,8.4992,0.03,394,2388,100.0,38.67,23.1181,-1
836,4,179,0.0014,0.0,100.0,518.67,643.6,1604.11,1424.1,14.62,21.61,552.19,2388.18,9156.61,1.3,48.0,520.52,2388.15,8223.02,8.5289,0.03,397,2388,100.0,38.55,23.0599,-1
837,4,180,0.0001,-0.0002,100.0,518.67,643.58,1610.29,1425.23,14.62,21.61,551.7,2388.15,9163.18,1.3,47.95,520.33,2388.15,8228.25,8.4966,0.03,398,2388,100.0,38.36,23.1739,-1
838,4,181,0.0004,-0.0002,100.0,518.67,643.34,1597.16,1413.99,14.62,21.61,551.82,2388.11,9168.97,1.3,47.95,520.24,2388.16,8230.94,8.4821,0.03,396,2388,100.0,38.57,23.1169,-1
839,4,182,0.0007,-0.0,100.0,518.67,643.42,1603.95,1429.48,14.62,21.61,551.77,2388.12,9166.16,1.3,47.96,520.55,2388.17,8229.71,8.5069,0.03,395,2388,100.0,38.29,23.0709,-1
840,4,183,0.0034,0.0002,100.0,518.67,644.5,1602.97,1426.55,14.62,21.61,551.6,2388.12,9175.69,1.3,48.08,520.17,2388.12,8239.91,8.5034,0.03,399,2388,100.0,38.47,23.0511,-1
841,4,184,-0.001,0.0003,100.0,518.67,643.44,1608.22,1426.27,14.62,21.61,552.01,2388.12,9174.67,1.3,48.04,520.07,2388.14,8242.61,8.5011,0.03,395,2388,100.0,38.39,23.0651,-1
842,4,185,-0.0031,0.0005,100.0,518.67,643.27,1607.57,1429.22,14.62,21.61,551.91,2388.1,9184.41,1.3,48.19,520.12,2388.12,8246.77,8.5254,0.03,396,2388,100.0,38.47,23.118,-1
843,4,186,-0.0003,-0.0001,100.0,518.67,643.45,1608.24,1427.17,14.62,21.61,551.9,2388.13,9187.57,1.3,48.21,520.26,2388.16,8241.99,8.4873,0.03,396,2388,100.0,38.55,23.1353,-1
844,4,187,-0.0005,0.0005,100.0,518.67,643.69,1603.04,1422.74,14.62,21.61,552.02,2388.14,9203.22,1.3,48.08,519.6,2388.12,8253.53,8.5283,0.03,396,2388,100.0,38.49,23.0135,-1
845,4,188,0.0006,0.0001,100.0,518.67,643.48,1602.23,1434.12,14.62,21.61,551.81,2388.16,9192.89,1.3,48.15,520.12,2388.17,8251.11,8.5462,0.03,398,2388,100.0,38.45,23.071,-1
846,4,189,-0.0024,-0.0002,100.0,518.67,644.53,1612.11,1432.55,14.62,21.61,551.93,2388.13,9198.32,1.3,48.15,519.84,2388.16,8259.42,8.5246,0.03,398,2388,100.0,38.44,23.1006,-1
853,5,7,0.0019,0.0001,100.0,518.67,642.78,1585.21,1399.1,14.62,21.6,554.85,2387.92,9069.18,1.3,47.14,522.52,2388.0,8151.1,8.3913,0.03,393,2388,100.0,39.2,23.382,-1
856,5,10,0.0001,0.0003,100.0,518.67,642.18,1583.92,1390.3,14.62,21.6,554.84,2388.02,9071.57,1.3,47.32,522.67,2388.01,8146.61,8.4089,0.03,390,2388,100.0,39.06,23.4213,-1
858,5,12,-0.0009,-0.0001,100.0,518.67,641.97,1583.89,1394.07,14.62,21.6,554.27,2388.02,9070.86,1.3,47.12,522.96,2388.01,8147.24,8.4233,0.03,391,2388,100.0,38.87,23.3806,-1
862,5,16,-0.0037,0.0004,100.0,518.67,641.56,1578.43,1390.29,14.62,21.61,555.11,2388.0,9065.46,1.3,47.08,522.24,2388.02,8144.59,8.4266,0.03,391,2388,100.0,39.12,23.4884,-1
869,5,23,0.0052,-0.0001,100.0,518.67,641.57,1582.59,1399.12,14.62,21.6,554.48,2387.97,9067.58,1.3,47.18,522.7,2388.03,8155.34,8.3548,0.03,391,2388,100.0,39.05,23.3328,-1
873,5,27,-0.0001,-0.0002,100.0,518.67,642.22,1582.69,1394.22,14.62,21.6,554.27,2388.01,9070.7,1.3,47.01,522.5,2387.98,8153.92,8.4066,0.03,390,2388,100.0,38.97,23.3803,-1
876,5,30,0.0007,-0.0004,100.0,518.67,642.66,1574.8,1397.69,14.62,21.6,555.05,2387.96,9059.85,1.3,47.24,522.87,2388.02,8150.15,8.4038,0.03,392,2388,100.0,38.81,23.4437,-1
880,5,34,0.0017,-0.0,100.0,518.67,641.68,1581.62,1392.22,14.62,21.6,554.29,2387.96,9070.3,1.3,47.21,522.15,2388.03,8151.21,8.395,0.03,392,2388,100.0,38.93,23.3981,-1
893,5,47,0.0002,-0.0002,100.0,518.67,641.95,1579.17,1397.44,14.62,21.6,554.74,2388.0,9068.21,1.3,47.05,522.57,2388.0,8147.3,8.4182,0.03,391,2388,100.0,39.06,23.4378,-1
898,5,52,0.0006,-0.0,100.0,518.67,641.86,1585.97,1403.88,14.62,21.6,554.94,2387.98,9066.99,1.3,47.06,522.03,2387.99,8140.95,8.431,0.03,393,2388,100.0,39.04,23.3502,-1
914,5,68,-0.0018,0.0001,100.0,518.67,642.0,1579.94,1395.59,14.62,21.6,554.06,2388.05,9069.6,1.3,47.27,522.92,2387.99,8146.84,8.425,0.03,393,2388,100.0,39.06,23.3948,-1
933,5,87,-0.0001,-0.0005,100.0,518.67,642.39,1588.63,1399.65,14.62,21.6,554.98,2387.99,9064.05,1.3,47.2,522.54,2387.96,8157.7,8.4232,0.03,391,2388,100.0,39.01,23.4197,-1
946,5,100,-0.0027,-0.0003,100.0,518.67,641.92,1585.75,1397.44,14.62,21.6,553.54,2387.94,9071.49,1.3,47.17,522.76,2388.0,8154.36,8.4161,0.03,392,2388,100.0,38.97,23.3163,-1
1100,5,254,0.0043,-0.0005,100.0,518.67,643.3,1591.58,1424.36,14.62,21.61,551.48,2388.11,9133.91,1.3,47.85,520.07,2388.18,8198.61,8.516,0.03,396,2388,100.0,38.38,23.0446,-1
1102,5,256,0.0007,0.0005,100.0,518.67,643.66,1602.29,1431.89,14.62,21.61,551.4,2388.12,9129.24,1.3,47.82,520.46,2388.09,8203.61,8.5036,0.03,396,2388,100.0,38.49,23.0656,-1
1103,5,257,0.0011,0.0004,100.0,518.67,643.22,1604.25,1424.27,14.62,21.61,552.21,2388.05,9122.22,1.3,48.27,519.88,2388.16,8202.02,8.5263,0.03,395,2388,100.0,38.61,23.2326,-1
1105,5,259,-0.0018,-0.0003,100.0,518.67,643.78,1608.65,1420.14,14.62,21.61,551.42,2388.21,9136.26,1.3,48.05,520.12,2388.15,8203.36,8.539,0.03,397,2388,100.0,38.34,23.0195,-1
1109,5,263,-0.0013,-0.0003,100.0,518.67,643.95,1608.2,1421.15,14.62,21.61,551.57,2388.14,9140.04,1.3,48.04,520.05,2388.15,8211.55,8.5201,0.03,397,2388,100.0,38.42,23.1361,-1
1110,5,264,0.004,-0.0005,100.0,518.67,643.77,1606.55,1425.39,14.62,21.61,551.7,2388.17,9149.72,1.3,48.26,519.83,2388.19,8207.19,8.5297,0.03,397,2388,100.0,38.37,23.1132,-1
1111,5,265,0.0028,-0.0003,100.0,518.67,643.8,1605.53,1424.57,14.62,21.61,551.37,2388.16,9148.96,1.3,48.03,519.8,2388.1,8203.89,8.541,0.03,395,2388,100.0,38.35,23.0857,-1
1112,5,266,0.0,-0.0002,100.0,518.67,643.38,1609.33,1434.4,14.62,21.61,552.35,2388.2,9147.43,1.3,48.24,519.57,2388.14,8208.49,8.5254,0.03,398,2388,100.0,38.55,23.1621,-1
1113,5,267,0.0018,0.0001,100.0,518.67,643.73,1609.41,1430.25,14.62,21.61,551.55,2388.1,9147.65,1.3,48.26,519.66,2388.17,8206.86,8.5292,0.03,397,2388,100.0,38.49,23.0566,-1
1114,5,268,0.0033,-0.0002,100.0,518.67,644.02,1608.65,1434.59,14.62,21.61,552.22,2388.15,9146.01,1.3,48.15,520.1,2388.14,8215.19,8.5196,0.03,397,2388,100.0,38.52,23.118,-1
1115,5,269,0.0022,0.0003,100.0,518.67,643.46,1597.28,1430.74,14.62,21.61,550.77,2388.18,9157.05,1.3,48.26,519.86,2388.16,8212.75,8.5209,0.03,397,2388,100.0,38.45,23.0296,-1
1280,6,165,0.0002,-0.0005,100.0,518.67,644.03,1603.61,1423.5,14.62,21.61,551.82,2388.26,9039.79,1.3,48.06,520.42,2388.29,8115.25,8.4762,0.03,395,2388,100.0,38.54,23.0665,-1
1285,6,170,0.0009,-0.0003,100.0,518.67,643.91,1599.73,1425.87,14.62,21.61,551.35,2388.32,9029.79,1.3,47.92,519.77,2388.31,8112.59,8.4852,0.03,396,2388,100.0,38.66,23.1057,-1
1286,6,171,-0.0027,-0.0002,100.0,518.67,643.82,1601.73,1423.31,14.62,21.61,551.38,2388.25,9034.84,1.3,48.09,520.44,2388.23,8112.98,8.5219,0.03,396,2388,100.0,38.69,23.1045,-1
1287,6,172,-0.0026,-0.0003,100.0,518.67,643.18,1593.7,1432.3,14.62,21.61,551.45,2388.26,9033.2,1.3,48.07,520.31,2388.28,8115.76,8.4793,0.03,396,2388,100.0,38.34,23.1505,-1
1290,6,175,0.0017,0.0003,100.0,518.67,643.84,1602.72,1427.35,14.62,21.61,551.53,2388.32,9035.16,1.3,48.17,520.12,2388.27,8109.68,8.5266,0.03,396,2388,100.0,38.64,23.1005,-1
1292,6,177,0.0,0.0002,100.0,518.67,643.5,1590.96,1421.52,14.62,21.61,551.5,2388.27,9031.6,1.3,48.21,520.17,2388.28,8114.14,8.4993,0.03,397,2388,100.0,38.52,23.0286,-1
1293,6,178,-0.0025,0.0004,100.0,518.67,643.78,1603.27,1424.84,14.62,21.61,551.24,2388.29,9032.87,1.3,48.09,519.7,2388.31,8113.92,8.5091,0.03,395,2388,100.0,38.46,23.0738,-1
1294,6,179,-0.0026,-0.0003,100.0,518.67,643.58,1607.63,1424.83,14.62,21.61,551.62,2388.33,9021.73,1.3,48.11,519.37,2388.3,8106.25,8.5102,0.03,397,2388,100.0,38.4,23.1191,-1
1295,6,180,0.0038,-0.0002,100.0,518.67,643.76,1598.73,1426.72,14.62,21.61,551.27,2388.31,9030.67,1.3,48.06,519.81,2388.34,8110.86,8.4948,0.03,396,2388,100.0,38.48,23.1165,-1
1296,6,181,-0.0022,-0.0002,100.0,518.67,643.44,1603.07,1430.56,14.62,21.61,551.46,2388.28,9033.9,1.3,48.15,519.71,2388.32,8110.96,8.48,0.03,396,2388,100.0,38.5,23.1337,-1
1297,6,182,0.0035,-0.0004,100.0,518.67,644.0,1596.51,1423.81,14.62,21.61,551.95,2388.32,9032.36,1.3,48.34,519.84,2388.35,8107.33,8.5167,0.03,396,2388,100.0,38.63,22.9966,-1
1298,6,183,0.001,0.0005,100.0,518.67,644.01,1597.82,1430.47,14.62,21.61,551.7,2388.32,9035.7,1.3,48.05,519.66,2388.31,8108.33,8.5294,0.03,396,2388,100.0,38.33,23.0273,-1
1299,6,184,0.0022,0.0004,100.0,518.67,643.52,1598.05,1432.22,14.62,21.61,551.31,2388.25,9031.12,1.3,48.07,519.42,2388.3,8110.1,8.4857,0.03,397,2388,100.0,38.58,22.9949,-1
1300,6,185,0.0022,0.0001,100.0,518.67,643.78,1603.37,1434.09,14.62,21.61,551.33,2388.35,9035.51,1.3,48.21,519.5,2388.28,8110.79,8.5261,0.03,396,2388,100.0,38.45,23.1199,-1
1301,6,186,-0.0054,-0.0001,100.0,518.67,644.01,1603.59,1430.37,14.62,21.61,550.59,2388.31,9029.07,1.3,48.27,519.8,2388.36,8108.26,8.5013,0.03,395,2388,100.0,38.25,22.9396,-1
1302,6,187,-0.002,0.0003,100.0,518.67,643.76,1602.69,1423.45,14.62,21.61,551.45,2388.29,9035.79,1.3,48.21,519.03,2388.33,8109.59,8.5324,0.03,396,2388,100.0,38.51,23.0449,-1
1303,6,188,0.0014,-0.0004,100.0,518.67,643.47,1600.63,1434.92,14.62,21.61,550.7,2388.34,9027.96,1.3,48.21,518.98,2388.34,8102.82,8.5358,0.03,397,2388,100.0,38.42,22.9577,-1
1329,7,26,0.0009,-0.0001,100.0,518.67,641.87,1585.88,1401.19,14.62,21.6,554.88,2388.0,9071.55,1.3,47.12,522.7,2388.01,8146.94,8.3712,0.03,393,2388,100.0,39.01,23.3981,-1
1355,7,52,0.0002,0.0003,100.0,518.67,641.91,1585.51,1402.13,14.62,21.6,555.14,2388.0,9071.36,1.3,47.18,522.42,2387.95,8143.99,8.414,0.03,392,2388,100.0,39.18,23.4335,-1
1361,7,58,-0.0043,-0.0001,100.0,518.67,642.09,1587.14,1400.97,14.62,21.6,555.14,2387.99,9066.81,1.3,47.19,523.0,2388.0,8151.29,8.383,0.03,392,2388,100.0,39.06,23.2486,-1
1366,7,63,0.0008,-0.0002,100.0,518.67,642.36,1578.24,1400.55,14.62,21.6,554.64,2388.03,9062.13,1.3,47.17,521.82,2388.01,8151.83,8.4172,0.03,391,2388,100.0,39.21,23.3449,-1
1555,7,252,-0.0005,-0.0003,100.0,518.67,643.91,1601.87,1436.55,14.62,21.61,551.21,2388.24,9074.07,1.3,48.3,519.47,2388.22,8148.12,8.5229,0.03,396,2388,100.0,38.45,23.1259,-1
1557,7,254,-0.001,-0.0004,100.0,518.67,643.56,1590.69,1423.7,14.62,21.61,551.12,2388.25,9075.33,1.3,47.98,519.48,2388.27,8141.83,8.5627,0.03,398,2388,100.0,38.63,23.0196,-1
1560,7,257,-0.0032,-0.0002,100.0,518.67,644.27,1602.83,1421.92,14.62,21.61,551.28,2388.24,9077.77,1.3,48.35,519.65,2388.23,8149.6,8.5367,0.03,396,2388,100.0,38.4,23.0286,-1
1561,7,258,-0.0005,0.0001,100.0,518.67,643.56,1598.95,1425.91,14.62,21.61,551.59,2388.27,9075.18,1.3,48.05,519.06,2388.23,8149.55,8.5369,0.03,396,2388,100.0,38.5,22.9854,-1
1562,7,259,0.0043,-0.0001,100.0,518.67,644.15,1599.33,1435.04,14.62,21.61,551.97,2388.19,9075.94,1.3,47.97,519.1,2388.24,8145.75,8.5162,0.03,396,2388,100.0,38.46,23.0596,-1
1699,8,137,0.0003,0.0,100.0,518.67,643.38,1598.04,1424.6,14.62,21.61,551.17,2388.25,9045.06,1.3,48.14,520.01,2388.28,8121.14,8.5639,0.03,396,2388,100.0,38.47,23.1214,-1
1704,8,142,-0.0001,-0.0004,100.0,518.67,643.23,1601.14,1427.03,14.62,21.61,551.86,2388.29,9042.15,1.3,48.17,519.92,2388.29,8119.23,8.5348,0.03,395,2388,100.0,38.48,23.0716,-1
1705,8,143,0.0014,-0.0005,100.0,518.67,643.44,1610.35,1426.08,14.62,21.61,551.38,2388.24,9046.03,1.3,48.13,519.85,2388.26,8122.02,8.522,0.03,395,2388,100.0,38.29,23.0465,-1
1706,8,144,0.0037,0.0002,100.0,518.67,643.95,1603.96,1422.82,14.62,21.61,551.29,2388.3,9050.46,1.3,48.02,519.92,2388.29,8122.11,8.5229,0.03,394,2388,100.0,38.47,23.1225,-1
1707,8,145,0.0005,0.0003,100.0,518.67,643.6,1599.71,1427.14,14.62,21.61,551.32,2388.32,9045.26,1.3,47.98,519.47,2388.3,8120.39,8.4846,0.03,395,2388,100.0,38.46,23.1502,-1
1708,8,146,0.0001,-0.0004,100.0,518.67,643.49,1605.73,1421.14,14.62,21.61,551.4,2388.31,9053.78,1.3,48.23,520.01,2388.23,8120.84,8.5184,0.03,396,2388,100.0,38.51,22.983,-1
1709,8,147,0.0018,-0.0004,100.0,518.67,643.32,1601.4,1429.5,14.62,21.61,551.1,2388.27,9040.98,1.3,48.37,519.62,2388.27,8117.88,8.4701,0.03,396,2388,100.0,38.42,23.1565,-1
1710,8,148,-0.0003,-0.0,100.0,518.67,643.43,1605.59,1421.3,14.62,21.61,551.73,2388.31,9038.57,1.3,48.13,519.87,2388.29,8126.2,8.4914,0.03,395,2388,100.0,38.59,23.0631,-1
1711,8,149,0.0011,0.0001,100.0,518.67,643.87,1605.12,1428.29,14.62,21.61,550.49,2388.29,9047.3,1.3,48.09,519.31,2388.28,8121.93,8.518,0.03,396,2388,100.0,38.3,23.0808,-1
1712,8,150,0.0026,-0.0003,100.0,518.67,643.87,1602.84,1432.31,14.62,21.61,551.08,2388.27,9046.16,1.3,48.24,519.57,2388.26,8121.27,8.5509,0.03,394,2388,100.0,38.24,23.051,-1
1721,9,9,0.0003,-0.0004,100.0,518.67,641.99,1580.58,1394.58,14.62,21.6,554.88,2388.04,9070.86,1.3,47.2,522.35,2388.04,8148.65,8.3858,0.03,391,2388,100.0,39.03,23.5122,-1
1764,9,52,-0.0016,-0.0005,100.0,518.67,641.79,1586.48,1390.75,14.62,21.6,554.92,2388.02,9072.79,1.3,47.26,522.06,2388.01,8147.73,8.3951,0.03,391,2388,100.0,39.09,23.427,-1
1784,9,72,0.0022,-0.0,100.0,518.67,641.85,1577.38,1406.79,14.62,21.6,554.34,2387.98,9071.52,1.3,47.17,522.22,2387.98,8155.36,8.4274,0.03,392,2388,100.0,38.9,23.4287,-1
1786,9,74,-0.0035,0.0003,100.0,518.67,642.33,1583.15,1400.1,14.62,21.6,554.15,2388.0,9067.25,1.3,47.14,522.13,2387.98,8151.86,8.3887,0.03,392,2388,100.0,38.86,23.5318,-1
1798,9,86,-0.0009,0.0003,100.0,518.67,641.67,1588.86,1403.43,14.62,21.6,553.78,2387.98,9066.2,1.3,47.31,522.22,2387.96,8151.48,8.4162,0.03,392,2388,100.0,39.16,23.4124,-1
1804,9,92,-0.0007,0.0,100.0,518.67,642.02,1585.64,1399.92,14.62,21.6,554.41,2387.96,9080.53,1.3,47.36,522.54,2388.03,8152.65,8.3487,0.03,392,2388,100.0,38.97,23.4963,-1
1820,9,108,-0.0028,0.0002,100.0,518.67,642.46,1582.5,1396.02,14.62,21.6,554.53,2388.02,9082.82,1.3,47.18,522.43,2387.97,8152.65,8.444,0.03,394,2388,100.0,38.83,23.5016,-1
1823,9,111,-0.0005,0.0002,100.0,518.67,642.9,1584.82,1398.69,14.62,21.6,554.72,2388.0,9075.53,1.3,47.03,522.63,2388.03,8161.05,8.3941,0.03,391,2388,100.0,38.94,23.3019,-1
1832,9,120,-0.0011,0.0001,100.0,518.67,642.01,1580.71,1394.99,14.62,21.6,554.4,2388.02,9087.44,1.3,47.18,521.88,2388.0,8160.93,8.4111,0.03,394,2388,100.0,38.89,23.4211,-1
1870,9,158,0.003,-0.0004,100.0,518.67,642.61,1594.78,1399.17,14.62,21.6,553.56,2387.97,9116.11,1.3,47.44,521.89,2388.02,8188.3,8.4119,0.03,392,2388,100.0,38.89,23.2962,-1
1892,9,180,-0.0008,0.0002,100.0,518.67,643.05,1594.96,1406.19,14.62,21.61,553.86,2388.05,9155.81,1.3,47.5,521.24,2388.1,8227.97,8.4948,0.03,394,2388,100.0,38.48,23.1341,-1
1893,9,181,-0.0008,-0.0004,100.0,518.67,643.23,1602.99,1417.63,14.62,21.61,553.83,2388.0,9144.98,1.3,47.59,520.87,2388.08,8223.18,8.4468,0.03,395,2388,100.0,38.91,23.1923,-1
1896,9,184,-0.0024,-0.0001,100.0,518.67,643.55,1602.59,1415.55,14.62,21.61,553.87,2388.08,9163.47,1.3,47.76,521.04,2388.08,8230.96,8.4605,0.03,395,2388,100.0,38.62,23.1689,-1
1897,9,185,0.002,-0.0004,100.0,518.67,643.2,1601.8,1420.83,14.62,21.61,552.81,2388.07,9162.66,1.3,47.78,521.04,2388.08,8229.33,8.5005,0.03,393,2388,100.0,38.63,23.1598,-1
1899,9,187,-0.0022,-0.0,100.0,518.67,643.55,1607.04,1421.69,14.62,21.61,552.45,2388.07,9164.94,1.3,47.67,520.93,2388.08,8237.87,8.4938,0.03,395,2388,100.0,38.79,23.168,-1
1900,9,188,-0.006,0.0003,100.0,518.67,642.83,1601.88,1417.4,14.62,21.61,552.83,2388.13,9171.99,1.3,47.85,520.79,2388.07,8240.06,8.4992,0.03,395,2388,100.0,38.46,23.2898,-1
1901,9,189,0.0025,-0.0002,100.0,518.67,642.84,1596.03,1418.62,14.62,21.61,552.84,2388.04,9178.37,1.3,47.9,521.39,2388.11,8243.94,8.4522,0.03,396,2388,100.0,38.64,23.0994,-1
1902,9,190,-0.0016,0.0002,100.0,518.67,643.73,1595.56,1417.78,14.62,21.61,553.36,2388.12,9188.49,1.3,47.92,520.98,2388.1,8242.41,8.4987,0.03,396,2388,100.0,38.52,23.1614,-1
1903,9,191,-0.0001,-0.0001,100.0,518.67,643.38,1602.92,1423.1,14.62,21.61,552.52,2388.12,9183.92,1.3,47.89,520.79,2388.1,8248.3,8.4932,0.03,395,2388,100.0,38.68,23.2104,-1
1904,9,192,0.0015,0.0004,100.0,518.67,643.23,1598.22,1420.21,14.62,21.61,552.31,2388.15,9189.49,1.3,47.91,520.11,2388.08,8251.76,8.5037,0.03,396,2388,100.0,38.68,23.1819,-1
1905,9,193,-0.0011,-0.0004,100.0,518.67,643.32,1602.15,1427.4,14.62,21.61,552.36,2388.12,9191.59,1.3,47.91,520.78,2388.17,8255.79,8.498,0.03,396,2388,100.0,38.67,23.0226,-1
1906,9,194,-0.0001,-0.0,100.0,518.67,643.13,1599.34,1418.42,14.62,21.61,552.36,2388.16,9207.36,1.3,48.08,521.07,2388.07,8257.19,8.4414,0.03,396,2388,100.0,38.39,23.2319,-1
1907,9,195,0.0007,0.0001,100.0,518.67,642.7,1602.99,1431.01,14.62,21.61,552.15,2388.09,9205.71,1.3,48.04,520.71,2388.13,8262.08,8.4908,0.03,396,2388,100.0,38.54,23.1513,-1
1908,9,196,-0.0018,-0.0001,100.0,518.67,643.24,1597.81,1424.02,14.62,21.61,551.75,2388.12,9199.59,1.3,47.85,520.59,2388.07,8262.57,8.4898,0.03,396,2388,100.0,38.55,23.0542,-1
1909,9,197,0.0006,0.0005,100.0,518.67,643.42,1596.7,1417.01,14.62,21.61,552.63,2388.15,9206.31,1.3,47.94,520.35,2388.09,8266.83,8.5095,0.03,396,2388,100.0,38.51,23.181,-1
1910,9,198,0.0022,-0.0002,100.0,518.67,643.46,1599.45,1433.83,14.62,21.61,552.86,2388.15,9214.62,1.3,47.85,519.86,2388.13,8271.39,8.5206,0.03,397,2388,100.0,38.49,23.1286,-1
1911,9,199,-0.0026,0.0002,100.0,518.67,643.69,1603.7,1429.19,14.62,21.61,551.71,2388.09,9220.88,1.3,47.82,520.5,2388.1,8272.83,8.5282,0.03,396,2388,100.0,38.4,23.0677,-1
1912,9,200,-0.0014,-0.0004,100.0,518.67,643.4,1602.89,1431.95,14.62,21.61,552.29,2388.44,9224.87,1.3,47.98,520.35,2388.44,8279.79,8.4968,0.03,397,2388,100.0,38.43,23.1008,-1
1913,9,201,-0.0016,0.0004,100.0,518.67,644.04,1595.36,1428.43,14.62,21.61,552.3,2388.5,9239.76,1.3,48.11,520.28,2388.56,8289.63,8.5156,0.03,399,2388,100.0,38.45,23.0284,-1
1918,10,5,-0.002,-0.0003,100.0,518.67,642.13,1581.09,1396.37,14.62,21.6,554.26,2387.96,9046.16,1.3,47.2,522.29,2388.01,8138.95,8.3879,0.03,392,2388,100.0,39.06,23.4651,-1
1926,10,13,0.0022,0.0,100.0,518.67,641.98,1578.1,1395.18,14.62,21.6,554.77,2387.99,9048.49,1.3,47.18,522.03,2387.99,8135.65,8.3773,0.03,391,2388,100.0,38.89,23.3528,-1
1929,10,16,0.0027,-0.0003,100.0,518.67,641.87,1589.94,1397.33,14.62,21.6,554.65,2388.01,9052.18,1.3,47.06,522.35,2388.02,8138.18,8.3577,0.03,392,2388,100.0,39.0,23.4001,-1
1932,10,19,0.001,0.0002,100.0,518.67,642.29,1589.25,1396.14,14.62,21.6,554.48,2387.99,9058.24,1.3,47.11,522.27,2388.01,8139.5,8.3858,0.03,391,2388,100.0,39.14,23.4496,-1
1939,10,26,0.0008,0.0002,100.0,518.67,642.48,1590.13,1392.6,14.62,21.6,555.23,2388.06,9065.05,1.3,47.12,522.41,2388.03,8138.93,8.4004,0.03,392,2388,100.0,39.05,23.4433,-1
1948,10,35,-0.0017,0.0001,100.0,518.67,642.0,1585.28,1399.6,14.62,21.6,554.18,2388.0,9050.98,1.3,47.01,522.79,2388.03,8140.4,8.404,0.03,392,2388,100.0,38.89,23.4587,-1
1956,10,43,0.002,-0.0,100.0,518.67,642.67,1571.04,1401.83,14.62,21.6,554.0,2388.06,9058.96,1.3,47.1,522.41,2388.0,8140.62,8.3808,0.03,390,2388,100.0,39.08,23.4559,-1
1974,10,61,-0.0019,0.0004,100.0,518.67,642.28,1581.82,1393.03,14.62,21.6,554.39,2388.03,9057.65,1.3,47.17,522.37,2387.98,8143.78,8.3614,0.03,391,2388,100.0,38.96,23.4592,-1
1980,10,67,-0.002,0.0002,100.0,518.67,642.04,1589.24,1407.4,14.62,21.6,555.01,2388.03,9053.21,1.3,47.15,522.4,2388.03,8135.54,8.3763,0.03,390,2388,100.0,39.15,23.3072,-1
2130,10,217,0.0016,-0.0001,100.0,518.67,644.35,1603.77,1423.45,14.62,21.61,551.76,2388.23,9114.19,1.3,48.03,520.15,2388.16,8172.08,8.526,0.03,395,2388,100.0,38.42,23.1359,-1
2134,10,221,0.0005,-0.0001,100.0,518.67,644.09,1604.4,1432.13,14.62,21.61,551.77,2388.23,9110.37,1.3,48.08,519.22,2388.19,8183.38,8.5312,0.03,395,2388,100.0,38.22,23.1596,-1
2135,10,222,0.0002,-0.0003,100.0,518.67,643.66,1599.18,1436.29,14.62,21.61,552.7,2388.22,9115.44,1.3,48.09,520.02,2388.16,8183.55,8.5159,0.03,398,2388,100.0,38.51,23.1434,-1
2137,11,2,0.0001,-0.0005,100.0,518.67,641.81,1585.63,1389.78,14.62,21.6,554.63,2388.01,9058.18,1.3,47.18,522.33,2388.04,8138.28,8.3643,0.03,391,2388,100.0,39.12,23.4647,-1
2139,11,4,-0.0002,0.0002,100.0,518.67,642.19,1577.4,1394.48,14.62,21.6,554.07,2388.05,9054.67,1.3,47.26,521.69,2388.03,8133.88,8.3784,0.03,391,2388,100.0,39.06,23.4017,-1
2149,11,14,0.0001,0.0001,100.0,518.67,642.27,1589.27,1391.25,14.62,21.6,554.02,2388.01,9052.24,1.3,47.22,522.44,2387.99,8134.63,8.3427,0.03,394,2388,100.0,39.0,23.3445,-1
2170,11,35,-0.0003,-0.0005,100.0,518.67,642.19,1587.71,1402.56,14.62,21.6,554.35,2388.0,9049.16,1.3,47.15,522.64,2387.96,8133.98,8.4455,0.03,392,2388,100.0,39.14,23.44,-1
2174,11,39,0.0024,-0.0,100.0,518.67,642.73,1581.9,1398.09,14.62,21.6,554.9,2388.04,9044.26,1.3,47.18,522.18,2388.07,8140.96,8.4254,0.03,392,2388,100.0,39.21,23.4269,-1
2178,11,43,-0.0003,-0.0005,100.0,518.67,642.38,1582.06,1399.23,14.62,21.6,553.95,2388.03,9049.98,1.3,47.18,522.15,2388.05,8134.42,8.3586,0.03,392,2388,100.0,39.02,23.4501,-1
2366,11,231,-0.0006,0.0004,100.0,518.67,643.77,1605.96,1416.66,14.62,21.61,552.66,2388.09,9136.72,1.3,47.99,521.13,2388.1,8207.25,8.5039,0.03,397,2388,100.0,38.51,23.0519,-1
2367,11,232,0.0006,-0.0002,100.0,518.67,643.57,1608.8,1415.05,14.62,21.61,552.5,2388.17,9138.91,1.3,48.06,520.3,2388.15,8210.31,8.5408,0.03,395,2388,100.0,38.71,23.0727,-1
2369,11,234,0.0016,-0.0,100.0,518.67,643.65,1592.79,1420.0,14.62,21.61,551.69,2388.18,9145.42,1.3,47.94,520.86,2388.13,8209.19,8.5148,0.03,397,2388,100.0,38.56,23.0208,-1
2370,11,235,0.0065,0.0003,100.0,518.67,643.22,1597.07,1426.16,14.62,21.61,552.6,2388.17,9153.67,1.3,48.01,520.66,2388.14,8209.57,8.5183,0.03,395,2388,100.0,38.37,23.0664,-1
2371,11,236,0.0009,0.0004,100.0,518.67,643.6,1609.02,1420.43,14.62,21.61,551.82,2388.12,9145.76,1.3,48.03,519.95,2388.14,8210.25,8.5166,0.03,397,2388,100.0,38.28,23.1657,-1
2372,11,237,0.0004,-0.0003,100.0,518.67,643.5,1601.64,1429.22,14.62,21.61,552.54,2388.25,9152.41,1.3,48.16,520.39,2388.18,8208.22,8.5383,0.03,395,2388,100.0,38.49,23.1025,-1
2373,11,238,-0.003,0.0002,100.0,518.67,643.27,1607.24,1426.44,14.62,21.61,550.55,2388.18,9150.92,1.3,48.04,520.18,2388.12,8214.81,8.5121,0.03,396,2388,100.0,38.33,23.1283,-1
2374,11,239,-0.0001,-0.0004,100.0,518.67,643.68,1608.34,1424.85,14.62,21.61,552.0,2388.23,9151.7,1.3,48.24,520.07,2388.17,8218.6,8.4947,0.03,396,2388,100.0,38.49,23.0304,-1
2375,11,240,0.0002,0.0001,100.0,518.67,643.52,1598.71,1432.38,14.62,21.61,552.03,2388.19,9155.67,1.3,48.19,519.94,2388.16,8218.2,8.5135,0.03,397,2388,100.0,38.28,23.0558,-1
2535,12,160,-0.0012,-0.0002,100.0,518.67,643.64,1592.61,1429.75,14.62,21.61,551.28,2388.27,9054.75,1.3,48.28,520.05,2388.31,8125.47,8.502,0.03,397,2388,100.0,38.31,23.07,-1
2538,12,163,0.0008,0.0003,100.0,518.67,643.59,1593.01,1434.05,14.62,21.61,551.09,2388.22,9054.26,1.3,48.08,519.25,2388.3,8127.89,8.5654,0.03,397,2388,100.0,38.57,23.1024,-1
2539,12,164,0.0006,-0.0,100.0,518.67,642.95,1598.33,1419.55,14.62,21.61,551.55,2388.28,9058.39,1.3,48.08,519.61,2388.2,8126.87,8.5203,0.03,397,2388,100.0,38.35,23.0511,-1
2541,12,166,0.0021,0.0002,100.0,518.67,643.91,1604.39,1427.48,14.62,21.61,551.82,2388.29,9052.79,1.3,48.22,519.88,2388.25,8125.91,8.511,0.03,396,2388,100.0,38.43,23.1312,-1
2543,12,168,0.0007,0.0002,100.0,518.67,643.59,1596.25,1429.19,14.62,21.61,551.27,2388.29,9055.55,1.3,48.18,519.01,2388.27,8125.62,8.5275,0.03,396,2388,100.0,38.52,23.1209,-1
2544,12,169,0.0027,0.0005,100.0,518.67,643.34,1597.46,1429.09,14.62,21.61,551.43,2388.25,9047.75,1.3,48.1,519.32,2388.33,8120.62,8.5321,0.03,396,2388,100.0,38.47,23.0444,-1
2545,12,170,0.0002,-0.0001,100.0,518.67,643.31,1601.76,1434.94,14.62,21.61,551.1,2388.32,9050.4,1.3,48.08,519.55,2388.29,8122.87,8.5213,0.03,395,2388,100.0,38.64,23.0102,-1
2698,13,153,-0.0008,-0.0001,100.0,518.67,643.73,1598.38,1421.08,14.62,21.61,552.27,2388.14,9129.24,1.3,47.78,519.94,2388.17,8193.7,8.5,0.03,397,2388,100.0,38.31,23.1185,-1
2702,13,157,0.0004,0.0,100.0,518.67,643.43,1604.86,1432.39,14.62,21.61,552.42,2388.16,9136.94,1.3,48.12,520.61,2388.14,8207.5,8.4845,0.03,397,2388,100.0,38.45,23.0453,-1
2704,13,159,-0.0008,-0.0004,100.0,518.67,643.53,1612.88,1418.86,14.62,21.61,551.15,2388.15,9146.79,1.3,48.11,520.5,2388.2,8212.93,8.554,0.03,396,2388,100.0,38.28,23.1357,-1
2705,13,160,0.0011,0.0,100.0,518.67,643.77,1597.42,1429.73,14.62,21.61,551.2,2388.17,9140.98,1.3,48.04,519.8,2388.13,8210.94,8.5109,0.03,397,2388,100.0,38.49,23.209,-1
2706,13,161,-0.003,-0.0001,100.0,518.67,643.5,1602.21,1432.17,14.62,21.61,551.85,2388.11,9144.17,1.3,48.34,520.26,2388.19,8210.25,8.5269,0.03,396,2388,100.0,38.43,23.0185,-1
2707,13,162,-0.0011,0.0003,100.0,518.67,643.87,1605.83,1431.55,14.62,21.61,551.48,2388.16,9149.29,1.3,48.28,520.08,2388.15,8218.44,8.5015,0.03,397,2388,100.0,38.35,23.1104,-1
2708,13,163,-0.0002,-0.0004,100.0,518.67,644.26,1610.89,1430.32,14.62,21.61,550.99,2388.15,9153.32,1.3,48.22,519.76,2388.16,8211.76,8.5477,0.03,397,2388,100.0,38.53,23.1291,-1
2879,14,171,-0.003,-0.0004,100.0,518.67,643.45,1608.22,1424.48,14.62,21.61,552.76,2388.11,9112.37,1.3,48.18,519.76,2388.17,8184.23,8.5326,0.03,395,2388,100.0,38.31,23.1044,-1
2882,14,174,0.0008,0.0001,100.0,518.67,643.85,1605.95,1425.54,14.62,21.61,551.92,2388.17,9122.4,1.3,48.15,519.81,2388.08,8190.52,8.5081,0.03,396,2388,100.0,38.64,23.0226,-1
2885,14,177,0.0005,-0.0005,100.0,518.67,644.17,1599.2,1424.67,14.62,21.61,551.93,2388.21,9128.96,1.3,48.04,519.92,2388.18,8193.49,8.5166,0.03,397,2388,100.0,38.46,23.0187,-1
2886,14,178,0.0001,-0.0001,100.0,518.67,643.31,1603.1,1432.46,14.62,21.61,551.16,2388.24,9132.68,1.3,48.26,519.98,2388.2,8194.69,8.4919,0.03,397,2388,100.0,38.44,23.0785,-1
2887,14,179,-0.0008,0.0003,100.0,518.67,643.7,1609.93,1425.93,14.62,21.61,551.96,2388.24,9132.35,1.3,48.3,519.89,2388.18,8189.64,8.5305,0.03,396,2388,100.0,38.34,23.0647,-1
2888,14,180,0.0011,-0.0002,100.0,518.67,643.49,1597.94,1427.6,14.62,21.61,551.29,2388.18,9129.74,1.3,48.32,520.56,2388.23,8196.18,8.5237,0.03,397,2388,100.0,38.36,22.9824,-1
2893,15,5,0.0014,-0.0003,100.0,518.67,642.33,1584.7,1392.44,14.62,21.6,554.72,2388.07,9056.97,1.3,47.34,523.02,2388.0,8142.05,8.3915,0.03,390,2388,100.0,39.09,23.4482,-1
2897,15,9,0.0022,-0.0005,100.0,518.67,642.0,1580.24,1397.41,14.62,21.6,554.99,2388.09,9055.75,1.3,47.01,522.14,2387.99,8136.59,8.3748,0.03,392,2388,100.0,39.16,23.486,-1
2900,15,12,-0.0016,-0.0005,100.0,518.67,642.11,1582.54,1402.78,14.62,21.6,555.21,2388.01,9049.29,1.3,47.1,522.38,2387.95,8139.11,8.3678,0.03,392,2388,100.0,39.1,23.3218,-1
2909,15,21,0.0002,0.0003,100.0,518.67,642.51,1576.58,1395.29,14.62,21.6,554.48,2387.98,9056.38,1.3,47.14,522.62,2388.01,8144.26,8.3991,0.03,392,2388,100.0,39.0,23.4136,-1
2912,15,24,0.0016,0.0002,100.0,518.67,642.45,1589.29,1397.04,14.62,21.6,555.26,2387.97,9045.91,1.3,47.11,522.87,2388.0,8142.61,8.3978,0.03,392,2388,100.0,39.03,23.4335,-1
3090,15,202,-0.0009,0.0004,100.0,518.67,643.6,1602.94,1428.07,14.62,21.61,551.46,2388.25,9047.82,1.3,47.87,519.64,2388.26,8125.67,8.5078,0.03,398,2388,100.0,38.37,23.0895,-1
3091,15,203,0.0024,-0.0003,100.0,518.67,643.93,1604.48,1433.98,14.62,21.61,551.88,2388.29,9047.38,1.3,48.1,519.6,2388.32,8121.62,8.4912,0.03,396,2388,100.0,38.44,23.0578,-1
3092,15,204,0.0031,-0.0003,100.0,518.67,643.38,1604.93,1435.38,14.62,21.61,551.59,2388.24,9046.98,1.3,48.04,519.92,2388.28,8120.93,8.4576,0.03,396,2388,100.0,38.51,23.064,-1
3093,15,205,-0.0027,0.0004,100.0,518.67,643.46,1599.75,1425.96,14.62,21.61,550.98,2388.33,9042.81,1.3,48.3,519.67,2388.27,8122.93,8.5154,0.03,397,2388,100.0,38.55,23.1362,-1
3094,15,206,0.0004,0.0001,100.0,518.67,643.84,1608.43,1429.5,14.62,21.61,550.77,2388.32,9047.2,1.3,48.19,520.13,2388.33,8121.68,8.5487,0.03,396,2388,100.0,38.42,23.104,-1
3095,15,207,-0.0002,0.0001,100.0,518.67,643.65,1599.27,1433.72,14.62,21.61,551.59,2388.33,9039.93,1.3,48.3,519.67,2388.31,8122.39,8.5381,0.03,396,2388,100.0,38.43,23.0375,-1
3287,16,192,0.0008,0.0005,100.0,518.67,643.38,1597.73,1430.31,14.62,21.61,552.03,2388.28,9060.24,1.3,48.04,519.66,2388.32,8134.37,8.4965,0.03,397,2388,100.0,38.43,23.1404,-1
3292,16,197,0.0011,0.0,100.0,518.67,643.76,1595.45,1428.81,14.62,21.61,551.56,2388.27,9069.19,1.3,47.98,519.79,2388.18,8138.63,8.5345,0.03,397,2388,100.0,38.38,23.0969,-1
3293,16,198,0.0038,0.0004,100.0,518.67,643.5,1600.59,1429.68,14.62,21.61,551.33,2388.23,9061.56,1.3,48.16,519.88,2388.31,8130.43,8.5094,0.03,397,2388,100.0,38.23,22.9774,-1
3295,16,200,0.0035,0.0002,100.0,518.67,644.27,1597.45,1425.06,14.62,21.61,551.36,2388.23,9062.27,1.3,48.1,519.48,2388.27,8130.54,8.5314,0.03,396,2388,100.0,38.33,23.1342,-1
3297,16,202,-0.0006,-0.0001,100.0,518.67,643.2,1600.99,1426.59,14.62,21.61,551.42,2388.29,9059.92,1.3,48.11,519.4,2388.27,8130.33,8.5369,0.03,397,2388,100.0,38.47,23.1639,-1
3298,16,203,0.0002,-0.0004,100.0,518.67,644.18,1607.21,1423.13,14.62,21.61,551.23,2388.28,9057.79,1.3,47.87,519.65,2388.25,8130.39,8.5495,0.03,395,2388,100.0,38.39,23.1279,-1
3299,16,204,-0.0006,-0.0001,100.0,518.67,643.86,1598.86,1427.74,14.62,21.61,551.12,2388.24,9059.76,1.3,47.99,519.63,2388.31,8131.7,8.4722,0.03,396,2388,100.0,38.41,23.0637,-1
3300,16,205,0.0035,0.0001,100.0,518.67,643.88,1608.26,1426.2,14.62,21.61,551.01,2388.26,9063.13,1.3,48.08,519.8,2388.22,8134.25,8.5213,0.03,397,2388,100.0,38.6,23.2392,-1
3302,16,207,0.0001,0.0001,100.0,518.67,643.86,1605.94,1434.58,14.62,21.61,551.2,2388.29,9058.27,1.3,48.2,519.29,2388.27,8133.6,8.5595,0.03,397,2388,100.0,38.31,23.0348,-1
3303,16,208,0.0024,-0.0002,100.0,518.67,644.47,1595.68,1437.53,14.62,21.61,550.51,2388.26,9060.44,1.3,48.2,519.64,2388.25,8137.23,8.5419,0.03,396,2388,100.0,38.44,23.0087,-1
3304,16,209,0.0012,-0.0002,100.0,518.67,643.61,1601.47,1429.68,14.62,21.61,551.17,2388.25,9060.94,1.3,48.28,519.44,2388.26,8132.25,8.5258,0.03,397,2388,100.0,38.35,23.1505,-1
3312,17,8,-0.0027,-0.0001,100.0,518.67,642.27,1587.62,1399.79,14.62,21.6,554.76,2387.98,9061.46,1.3,47.17,522.69,2387.97,8138.59,8.3459,0.03,393,2388,100.0,38.99,23.4415,-1
3320,17,16,0.0023,0.0001,100.0,518.67,641.79,1582.26,1394.02,14.62,21.6,554.85,2388.05,9061.55,1.3,47.26,522.39,2388.01,8141.6,8.3484,0.03,391,2388,100.0,39.08,23.4428,-1
3324,17,20,-0.0004,0.0004,100.0,518.67,641.99,1578.99,1395.63,14.62,21.6,554.71,2388.02,9061.52,1.3,46.95,522.17,2387.98,8137.4,8.4021,0.03,392,2388,100.0,38.91,23.409,-1
3357,17,53,-0.0,-0.0003,100.0,518.67,642.93,1585.91,1390.76,14.62,21.6,554.31,2388.03,9070.86,1.3,47.1,522.32,2387.98,8147.42,8.4207,0.03,392,2388,100.0,39.0,23.4397,-1
3565,17,261,0.0031,-0.0004,100.0,518.67,643.87,1596.92,1421.2,14.62,21.61,552.01,2388.07,9144.18,1.3,47.87,520.61,2388.1,8212.81,8.4809,0.03,397,2388,100.0,38.58,22.9783,-1
3566,17,262,-0.0012,-0.0001,100.0,518.67,643.28,1597.94,1418.06,14.62,21.61,552.13,2388.07,9151.57,1.3,47.95,519.98,2388.1,8214.79,8.4567,0.03,397,2388,100.0,38.42,23.0853,-1
3567,17,263,0.0006,0.0004,100.0,518.67,643.65,1601.45,1416.22,14.62,21.61,551.81,2388.15,9152.72,1.3,48.16,520.57,2388.16,8215.01,8.4526,0.03,395,2388,100.0,38.59,23.0641,-1
3569,17,265,-0.0001,-0.0004,100.0,518.67,643.64,1593.34,1429.2,14.62,21.61,552.59,2388.13,9162.76,1.3,47.88,520.83,2388.13,8224.72,8.4977,0.03,396,2388,100.0,38.48,23.1248,-1
3570,17,266,0.002,0.0002,100.0,518.67,643.81,1601.24,1427.81,14.62,21.61,551.47,2388.17,9162.87,1.3,47.98,520.13,2388.2,8218.51,8.4876,0.03,396,2388,100.0,38.65,23.0748,-1
3571,17,267,0.0031,0.0004,100.0,518.67,643.51,1608.86,1421.63,14.62,21.61,551.75,2388.1,9151.9,1.3,47.93,520.84,2388.18,8215.02,8.5067,0.03,396,2388,100.0,38.44,23.1876,-1
3572,17,268,-0.002,0.0004,100.0,518.67,643.17,1603.62,1430.58,14.62,21.61,550.88,2388.15,9159.69,1.3,47.91,520.16,2388.1,8219.37,8.54,0.03,396,2388,100.0,38.34,23.091,-1
3573,17,269,0.0026,-0.0002,100.0,518.67,643.73,1602.28,1430.87,14.62,21.61,552.2,2388.18,9162.15,1.3,48.14,520.54,2388.21,8226.28,8.4907,0.03,397,2388,100.0,38.49,23.0103,-1
3574,17,270,0.0017,0.0,100.0,518.67,643.33,1602.5,1424.06,14.62,21.61,552.19,2388.15,9171.89,1.3,47.93,520.24,2388.08,8227.5,8.5155,0.03,396,2388,100.0,38.44,23.1338,-1
3575,17,271,0.0025,0.0002,100.0,518.67,643.55,1608.55,1433.02,14.62,21.61,552.18,2388.15,9175.55,1.3,48.09,520.52,2388.15,8228.0,8.4998,0.03,397,2388,100.0,38.44,23.0751,-1
3576,17,272,-0.0014,0.0002,100.0,518.67,643.13,1605.43,1422.78,14.62,21.61,552.13,2388.17,9167.31,1.3,48.2,520.08,2388.13,8228.6,8.5318,0.03,395,2388,100.0,38.32,23.0667,-1
3577,17,273,0.0031,0.0004,100.0,518.67,643.71,1602.12,1422.72,14.62,21.61,552.04,2388.14,9177.53,1.3,48.23,520.09,2388.13,8231.94,8.5549,0.03,397,2388,100.0,38.44,23.1137,-1
3578,17,274,-0.0018,0.0,100.0,518.67,643.58,1599.44,1420.47,14.62,21.61,551.96,2388.2,9172.47,1.3,48.09,519.77,2388.16,8232.28,8.5197,0.03,397,2388,100.0,38.52,23.0759,-1
3579,17,275,-0.0003,0.0005,100.0,518.67,644.0,1601.52,1430.48,14.62,21.61,551.4,2388.13,9178.28,1.3,47.97,519.26,2388.15,8229.73,8.5472,0.03,398,2388,100.0,38.52,23.0818,-1
3580,17,276,-0.0006,-0.0004,100.0,518.67,643.97,1599.82,1432.46,14.62,21.61,551.51,2388.14,9172.75,1.3,48.06,520.22,2388.12,8238.26,8.5171,0.03,397,2388,100.0,38.5,23.0517,-1
3618,18,38,-0.0006,-0.0004,100.0,518.67,642.4,1584.49,1407.5,14.62,21.6,554.47,2388.08,9055.89,1.3,47.17,522.46,2388.0,8145.2,8.3683,0.03,390,2388,100.0,39.13,23.4201,-1
3754,18,174,0.0033,-0.0001,100.0,518.67,642.79,1595.67,1416.74,14.62,21.61,553.04,2388.08,9152.07,1.3,47.78,520.73,2388.02,8215.43,8.4754,0.03,397,2388,100.0,38.9,23.2433,-1
3757,18,177,0.0006,-0.0004,100.0,518.67,643.11,1602.3,1416.38,14.62,21.61,552.85,2388.03,9157.14,1.3,47.65,521.45,2388.12,8218.26,8.4567,0.03,396,2388,100.0,38.81,23.1773,-1
3759,18,179,0.0014,-0.0001,100.0,518.67,642.22,1601.1,1417.03,14.62,21.61,553.44,2388.07,9157.23,1.3,47.58,521.1,2388.08,8226.08,8.5244,0.03,395,2388,100.0,38.8,23.1702,-1
3760,18,180,0.0022,-0.0,100.0,518.67,642.6,1602.68,1424.29,14.62,21.61,553.14,2388.08,9162.42,1.3,47.76,520.89,2388.06,8229.02,8.4783,0.03,396,2388,100.0,38.63,23.2429,-1
3761,18,181,0.0016,-0.0001,100.0,518.67,643.33,1600.23,1422.16,14.62,21.61,551.94,2388.12,9167.49,1.3,47.91,520.94,2388.14,8227.06,8.4915,0.03,396,2388,100.0,38.49,23.0976,-1
3762,18,182,0.0031,-0.0002,100.0,518.67,643.06,1608.95,1417.2,14.62,21.61,552.84,2388.08,9170.17,1.3,47.81,520.56,2388.07,8228.09,8.5002,0.03,395,2388,100.0,38.74,23.1709,-1
3763,18,183,-0.0032,-0.0001,100.0,518.67,643.16,1599.22,1416.6,14.62,21.61,552.92,2388.04,9171.68,1.3,47.85,520.77,2388.15,8243.3,8.4876,0.03,396,2388,100.0,38.51,23.0937,-1
3764,18,184,0.0024,-0.0003,100.0,518.67,643.56,1604.92,1416.38,14.62,21.61,552.45,2388.12,9174.9,1.3,47.88,520.47,2388.12,8237.12,8.5388,0.03,396,2388,100.0,38.67,23.0863,-1
3765,18,185,-0.0001,-0.0002,100.0,518.67,643.06,1601.27,1417.87,14.62,21.61,552.25,2388.13,9178.75,1.3,47.63,521.06,2388.15,8243.72,8.4848,0.03,395,2388,100.0,38.65,23.1556,-1
3766,18,186,0.0016,0.0001,100.0,518.67,643.85,1597.23,1425.43,14.62,21.61,552.58,2388.1,9191.36,1.3,47.99,520.33,2388.16,8245.88,8.4843,0.03,394,2388,100.0,38.6,23.0816,-1
3767,18,187,-0.0006,-0.0002,100.0,518.67,643.17,1600.39,1422.43,14.62,21.61,551.82,2388.13,9177.82,1.3,48.15,520.23,2388.12,8248.18,8.4426,0.03,396,2388,100.0,38.61,23.0819,-1
3768,18,188,0.0011,0.0001,100.0,518.67,643.17,1602.0,1428.31,14.62,21.61,552.77,2388.09,9187.67,1.3,47.77,520.49,2388.09,8253.97,8.4999,0.03,395,2388,100.0,38.57,23.2292,-1
3769,18,189,-0.0001,-0.0004,100.0,518.67,643.11,1601.04,1433.02,14.62,21.61,552.09,2388.13,9195.53,1.3,47.93,521.03,2388.1,8252.18,8.4955,0.03,396,2388,100.0,38.58,23.1173,-1
3770,18,190,0.002,-0.0003,100.0,518.67,643.39,1603.13,1424.21,14.62,21.61,551.39,2388.1,9196.3,1.3,47.97,520.14,2388.11,8263.06,8.5376,0.03,397,2388,100.0,38.45,23.0872,-1
3771,18,191,-0.0007,-0.0001,100.0,518.67,643.59,1606.51,1423.47,14.62,21.61,551.58,2388.12,9206.21,1.3,47.87,520.25,2388.13,8260.29,8.5102,0.03,396,2388,100.0,38.65,23.1001,-1
3772,18,192,-0.0018,-0.0004,100.0,518.67,643.23,1602.92,1426.15,14.62,21.61,552.23,2388.14,9204.44,1.3,48.1,520.53,2388.18,8268.81,8.5372,0.03,397,2388,100.0,38.3,22.9841,-1
3773,18,193,0.0003,0.0001,100.0,518.67,643.89,1603.03,1423.65,14.62,21.61,552.22,2388.2,9210.95,1.3,48.3,520.36,2388.15,8273.15,8.5429,0.03,396,2388,100.0,38.31,23.1555,-1
3774,18,194,0.0003,0.0004,100.0,518.67,644.05,1609.52,1423.44,14.62,21.61,551.52,2388.13,9223.56,1.3,48.14,520.23,2388.12,8269.4,8.4945,0.03,397,2388,100.0,38.58,23.0109,-1
3775,18,195,-0.0029,-0.0001,100.0,518.67,643.93,1601.0,1428.08,14.62,21.61,551.43,2388.44,9224.53,1.3,48.01,519.44,2388.39,8282.5,8.5132,0.03,398,2388,100.0,38.5,23.0304,-1
3921,19,146,-0.002,0.0003,100.0,518.67,643.03,1605.27,1424.03,14.62,21.61,552.16,2388.31,9043.71,1.3,48.18,519.52,2388.32,8116.25,8.521,0.03,395,2388,100.0,38.49,23.0104,-1
3923,19,148,-0.0021,-0.0001,100.0,518.67,643.01,1605.53,1425.86,14.62,21.61,551.93,2388.32,9044.33,1.3,48.05,520.43,2388.27,8115.67,8.519,0.03,398,2388,100.0,38.62,23.0838,-1
3924,19,149,0.0016,-0.0002,100.0,518.67,643.57,1604.98,1421.34,14.62,21.61,551.76,2388.32,9044.55,1.3,48.0,519.3,2388.3,8123.56,8.5168,0.03,397,2388,100.0,38.43,23.1173,-1
3925,19,150,0.0002,0.0001,100.0,518.67,643.51,1604.42,1431.34,14.62,21.61,551.38,2388.26,9042.26,1.3,48.14,519.79,2388.29,8119.07,8.4934,0.03,395,2388,100.0,38.5,23.1234,-1
3926,19,151,-0.0009,0.0001,100.0,518.67,643.94,1603.13,1431.72,14.62,21.61,551.4,2388.32,9043.2,1.3,48.09,519.82,2388.3,8119.25,8.494,0.03,397,2388,100.0,38.52,23.0814,-1
3928,19,153,0.0014,0.0004,100.0,518.67,643.45,1596.48,1427.77,14.62,21.61,550.73,2388.25,9042.05,1.3,48.14,519.62,2388.31,8116.73,8.5113,0.03,396,2388,100.0,38.6,23.1006,-1
3929,19,154,0.0051,0.0003,100.0,518.67,643.99,1600.85,1426.73,14.62,21.61,551.33,2388.27,9042.01,1.3,48.14,519.8,2388.29,8117.7,8.5145,0.03,397,2388,100.0,38.55,23.047,-1
3930,19,155,0.0019,0.0,100.0,518.67,642.92,1601.97,1433.78,14.62,21.61,551.24,2388.31,9041.73,1.3,48.15,519.45,2388.26,8118.91,8.5215,0.03,395,2388,100.0,38.23,23.053,-1
3931,19,156,-0.0029,-0.0002,100.0,518.67,643.44,1601.17,1430.45,14.62,21.61,550.9,2388.27,9035.58,1.3,48.14,519.67,2388.27,8120.36,8.538,0.03,396,2388,100.0,38.47,23.0858,-1
3932,19,157,0.0026,0.0,100.0,518.67,643.43,1597.38,1426.98,14.62,21.61,551.22,2388.28,9042.2,1.3,48.01,519.5,2388.29,8112.87,8.5381,0.03,395,2388,100.0,38.16,23.0758,-1
3933,19,158,-0.0009,0.0004,100.0,518.67,643.34,1605.58,1433.97,14.62,21.61,550.84,2388.3,9051.89,1.3,48.23,519.22,2388.33,8117.14,8.5343,0.03,396,2388,100.0,38.28,22.9405,-1
4164,20,231,0.0022,-0.0003,100.0,518.67,643.89,1603.35,1429.72,14.62,21.61,550.84,2388.22,9075.48,1.3,48.41,519.74,2388.22,8146.48,8.48,0.03,397,2388,100.0,38.74,22.9885,-1
4165,20,232,-0.0003,0.0,100.0,518.67,643.85,1608.02,1432.08,14.62,21.61,551.34,2388.27,9075.69,1.3,48.17,519.28,2388.29,8139.51,8.523,0.03,397,2388,100.0,38.33,23.146,-1
4166,20,233,-0.0012,-0.0001,100.0,518.67,643.93,1601.9,1437.23,14.62,21.61,551.67,2388.26,9077.16,1.3,48.23,519.97,2388.23,8143.94,8.5058,0.03,396,2388,100.0,38.46,22.9783,-1
4167,20,234,0.0011,-0.0004,100.0,518.67,643.86,1598.43,1430.93,14.62,21.61,551.74,2388.3,9070.66,1.3,48.15,519.73,2388.25,8143.3,8.5433,0.03,397,2388,100.0,38.57,22.9964,-1
4349,21,182,-0.0038,0.0,100.0,518.67,644.03,1594.42,1427.49,14.62,21.61,551.45,2388.2,9126.2,1.3,48.05,520.43,2388.12,8205.05,8.4974,0.03,396,2388,100.0,38.47,23.0623,-1
4351,21,184,-0.0028,-0.0001,100.0,518.67,643.51,1601.81,1414.46,14.62,21.61,552.05,2388.2,9133.01,1.3,47.99,520.48,2388.11,8203.49,8.5162,0.03,397,2388,100.0,38.39,23.0725,-1
4354,21,187,0.0006,0.0004,100.0,518.67,643.37,1605.88,1421.25,14.62,21.61,552.45,2388.07,9140.81,1.3,48.25,519.79,2388.16,8212.31,8.492,0.03,396,2388,100.0,38.59,23.0394,-1
4355,21,188,0.0001,0.0,100.0,518.67,642.96,1601.95,1421.99,14.62,21.61,552.16,2388.16,9150.4,1.3,47.98,520.46,2388.15,8211.32,8.5185,0.03,395,2388,100.0,38.36,23.1883,-1
4357,21,190,0.0023,-0.0003,100.0,518.67,643.97,1605.53,1420.52,14.62,21.61,552.77,2388.13,9149.16,1.3,47.98,520.11,2388.15,8217.12,8.5157,0.03,395,2388,100.0,38.43,23.0629,-1
4358,21,191,-0.0004,-0.0004,100.0,518.67,643.52,1597.89,1430.71,14.62,21.61,552.18,2388.18,9158.26,1.3,48.05,520.11,2388.15,8212.58,8.48,0.03,397,2388,100.0,38.58,23.0457,-1
4359,21,192,-0.0023,0.0,100.0,518.67,643.89,1597.72,1424.5,14.62,21.61,551.78,2388.19,9162.31,1.3,48.09,520.77,2388.15,8222.4,8.5063,0.03,397,2388,100.0,38.35,23.1247,-1
4360,21,193,0.0008,0.0002,100.0,518.67,644.02,1603.87,1423.72,14.62,21.61,552.26,2388.15,9155.93,1.3,48.08,519.83,2388.16,8219.88,8.509,0.03,397,2388,100.0,38.54,23.0377,-1
4361,21,194,-0.0007,-0.0005,100.0,518.67,643.85,1604.29,1434.26,14.62,21.61,551.4,2388.18,9164.82,1.3,48.16,520.48,2388.21,8231.47,8.5032,0.03,398,2388,100.0,38.44,22.9791,-1
4362,21,195,0.0022,0.0,100.0,518.67,643.87,1606.47,1432.84,14.62,21.61,551.79,2388.18,9161.51,1.3,48.04,520.26,2388.19,8224.87,8.5197,0.03,399,2388,100.0,38.44,22.986,-1
4549,22,187,-0.001,-0.0,100.0,518.67,643.4,1598.23,1433.13,14.62,21.61,551.29,2388.28,9055.21,1.3,47.77,519.7,2388.29,8127.13,8.4963,0.03,396,2388,100.0,38.56,23.1245,-1
4551,22,189,0.0023,-0.0003,100.0,518.67,643.66,1601.87,1424.76,14.62,21.61,551.28,2388.29,9049.72,1.3,47.96,519.44,2388.27,8122.3,8.4829,0.03,396,2388,100.0,38.32,22.9798,-1
4554,22,192,-0.0023,0.0003,100.0,518.67,643.13,1603.49,1423.35,14.62,21.61,551.75,2388.31,9052.18,1.3,48.15,519.76,2388.29,8125.69,8.5363,0.03,395,2388,100.0,38.55,23.1417,-1
4555,22,193,-0.0025,-0.0003,100.0,518.67,643.7,1602.78,1427.58,14.62,21.61,551.02,2388.22,9053.75,1.3,48.11,519.3,2388.26,8126.97,8.521,0.03,397,2388,100.0,38.62,23.0201,-1
4557,22,195,-0.0049,-0.0004,100.0,518.67,643.55,1595.05,1433.89,14.62,21.61,551.28,2388.23,9054.33,1.3,48.2,519.54,2388.28,8120.7,8.5599,0.03,396,2388,100.0,38.28,23.0552,-1
4559,22,197,-0.0019,0.0,100.0,518.67,643.8,1604.97,1421.58,14.62,21.61,551.72,2388.26,9063.17,1.3,48.2,519.46,2388.23,8126.59,8.5264,0.03,396,2388,100.0,38.4,23.0069,-1
4561,22,199,-0.0013,0.0002,100.0,518.67,643.82,1604.09,1433.2,14.62,21.61,551.42,2388.29,9051.09,1.3,48.05,519.47,2388.28,8124.25,8.5,0.03,396,2388,100.0,38.51,23.0575,-1
4563,22,201,0.0035,-0.0,100.0,518.67,643.7,1598.8,1427.99,14.62,21.61,551.24,2388.26,9053.05,1.3,48.18,519.61,2388.31,8122.62,8.5023,0.03,397,2388,100.0,38.33,23.0433,-1
4564,22,202,0.0017,-0.0001,100.0,518.67,643.64,1609.56,1429.98,14.62,21.61,551.02,2388.3,9053.41,1.3,48.16,519.31,2388.3,8130.05,8.5361,0.03,398,2388,100.0,38.43,22.9965,-1
4723,23,159,0.0026,-0.0002,100.0,518.67,643.77,1599.79,1432.24,14.62,21.61,551.84,2388.28,9063.89,1.3,48.07,520.52,2388.24,8128.1,8.5183,0.03,397,2388,100.0,38.33,23.1688,-1
4725,23,161,-0.0017,-0.0002,100.0,518.67,643.93,1595.92,1422.2,14.62,21.61,551.66,2388.31,9064.58,1.3,48.12,520.14,2388.27,8132.69,8.5325,0.03,395,2388,100.0,38.38,23.1142,-1
4728,23,164,0.0009,0.0001,100.0,518.67,643.52,1600.25,1426.59,14.62,21.61,551.33,2388.3,9058.38,1.3,48.12,519.48,2388.26,8136.45,8.5117,0.03,396,2388,100.0,38.23,23.2024,-1
4730,23,166,0.0003,0.0004,100.0,518.67,644.07,1598.2,1431.62,14.62,21.61,551.45,2388.32,9060.28,1.3,48.08,519.49,2388.25,8124.49,8.4708,0.03,396,2388,100.0,38.37,23.1147,-1
4731,23,167,0.0037,0.0002,100.0,518.67,643.76,1603.61,1431.6,14.62,21.61,550.78,2388.27,9057.35,1.3,48.02,519.22,2388.27,8129.57,8.5071,0.03,397,2388,100.0,38.37,23.0965,-1
4732,23,168,-0.0007,0.0002,100.0,518.67,643.32,1604.16,1431.69,14.62,21.61,551.26,2388.26,9059.37,1.3,48.19,519.71,2388.36,8127.93,8.5169,0.03,397,2388,100.0,38.32,22.9071,-1
4874,24,142,-0.0001,0.0003,100.0,518.67,643.96,1606.93,1430.94,14.62,21.61,551.08,2388.29,9049.74,1.3,47.9,520.09,2388.24,8124.07,8.5366,0.03,395,2388,100.0,38.41,23.2016,-1
4875,24,143,0.0031,-0.0005,100.0,518.67,643.87,1598.38,1434.04,14.62,21.61,551.03,2388.29,9046.41,1.3,48.12,519.63,2388.22,8124.72,8.5327,0.03,395,2388,100.0,38.42,23.0698,-1
4876,24,144,-0.0032,-0.0005,100.0,518.67,643.84,1598.85,1427.08,14.62,21.61,551.19,2388.32,9045.04,1.3,48.28,519.56,2388.3,8116.55,8.5311,0.03,395,2388,100.0,38.42,23.0542,-1
4877,24,145,-0.0018,-0.0003,100.0,518.67,643.81,1605.52,1429.77,14.62,21.61,551.44,2388.3,9046.07,1.3,48.21,520.0,2388.3,8119.31,8.4883,0.03,397,2388,100.0,38.53,23.0049,-1
4878,24,146,-0.002,0.0002,100.0,518.67,643.84,1604.35,1425.53,14.62,21.61,551.26,2388.33,9045.25,1.3,48.17,519.54,2388.29,8123.96,8.5617,0.03,397,2388,100.0,38.42,23.0444,-1
4879,24,147,-0.0006,0.0004,100.0,518.67,643.79,1601.33,1430.87,14.62,21.61,550.78,2388.3,9043.96,1.3,48.19,519.3,2388.28,8119.58,8.5374,0.03,398,2388,100.0,38.58,23.0309,-1
5096,25,217,0.0023,0.0002,100.0,518.67,643.06,1604.46,1431.46,14.62,21.61,552.06,2388.16,9127.1,1.3,47.96,520.64,2388.15,8194.8,8.5333,0.03,397,2388,100.0,38.52,23.0868,-1
5101,25,222,0.0001,-0.0003,100.0,518.67,643.74,1608.24,1423.81,14.62,21.61,551.63,2388.21,9133.16,1.3,47.87,520.51,2388.13,8198.38,8.5265,0.03,397,2388,100.0,38.55,23.0497,-1
5102,25,223,-0.0015,-0.0001,100.0,518.67,643.2,1608.02,1418.96,14.62,21.61,551.74,2388.2,9137.12,1.3,48.13,520.38,2388.16,8204.4,8.5232,0.03,396,2388,100.0,38.44,23.1504,-1
5103,25,224,-0.0028,-0.0004,100.0,518.67,643.82,1605.89,1422.29,14.62,21.61,550.9,2388.14,9138.44,1.3,48.26,520.02,2388.18,8206.26,8.5088,0.03,395,2388,100.0,38.57,23.0172,-1
5104,25,225,0.0018,-0.0002,100.0,518.67,643.75,1599.19,1424.83,14.62,21.61,552.52,2388.21,9145.39,1.3,48.04,520.27,2388.17,8207.18,8.534,0.03,397,2388,100.0,38.34,23.0279,-1
5105,25,226,-0.0009,-0.0003,100.0,518.67,643.67,1600.17,1426.41,14.62,21.61,552.06,2388.19,9137.72,1.3,47.89,520.62,2388.22,8204.52,8.4973,0.03,398,2388,100.0,38.5,23.0434,-1
5106,25,227,-0.0007,-0.0003,100.0,518.67,643.86,1596.43,1433.44,14.62,21.61,551.8,2388.19,9138.82,1.3,48.05,520.21,2388.19,8207.95,8.5259,0.03,396,2388,100.0,38.28,23.0329,-1
5107,25,228,-0.005,0.0003,100.0,518.67,643.34,1599.7,1430.76,14.62,21.61,551.83,2388.24,9152.39,1.3,48.39,519.65,2388.19,8209.96,8.5266,0.03,397,2388,100.0,38.61,23.0262,-1
5108,25,229,-0.0004,-0.0,100.0,518.67,643.8,1601.85,1431.0,14.62,21.61,551.62,2388.16,9146.58,1.3,47.95,520.1,2388.2,8211.93,8.5494,0.03,396,2388,100.0,38.4,23.163,-1
5109,25,230,-0.0046,0.0001,100.0,518.67,643.67,1608.49,1432.58,14.62,21.61,552.18,2388.14,9152.46,1.3,48.12,520.16,2388.19,8209.41,8.4974,0.03,398,2388,100.0,38.38,23.0349,-1
5295,26,186,-0.0022,-0.0003,100.0,518.67,643.81,1601.93,1418.67,14.62,21.61,552.33,2388.13,9126.56,1.3,47.92,521.01,2388.14,8202.18,8.5137,0.03,395,2388,100.0,38.32,23.1313,-1
5300,26,191,-0.0024,0.0004,100.0,518.67,643.59,1606.06,1424.87,14.62,21.61,551.83,2388.13,9139.45,1.3,47.95,519.97,2388.16,8200.26,8.5494,0.03,397,2388,100.0,38.58,23.0404,-1
5301,26,192,0.0014,0.0004,100.0,518.67,643.7,1602.26,1425.02,14.62,21.61,551.89,2388.15,9143.79,1.3,48.02,520.34,2388.21,8198.45,8.5053,0.03,397,2388,100.0,38.43,23.11,-1
5302,26,193,0.0012,0.0002,100.0,518.67,643.32,1598.78,1427.13,14.62,21.61,551.78,2388.19,9139.84,1.3,47.98,519.8,2388.15,8204.37,8.5207,0.03,396,2388,100.0,38.39,23.1663,-1
5303,26,194,0.0032,-0.0002,100.0,518.67,643.71,1599.33,1432.5,14.62,21.61,552.14,2388.13,9143.97,1.3,48.04,520.48,2388.17,8208.26,8.5348,0.03,397,2388,100.0,38.66,23.0408,-1
5304,26,195,-0.0011,0.0,100.0,518.67,643.49,1607.92,1422.33,14.62,21.61,552.0,2388.16,9145.59,1.3,48.03,520.44,2388.16,8214.85,8.5399,0.03,396,2388,100.0,38.57,23.114,-1
5305,26,196,-0.0034,0.0002,100.0,518.67,643.57,1603.45,1427.18,14.62,21.61,552.02,2388.14,9158.85,1.3,47.98,520.28,2388.16,8215.55,8.4726,0.03,395,2388,100.0,38.46,23.0408,-1
5306,26,197,0.0007,-0.0,100.0,518.67,644.04,1602.29,1426.78,14.62,21.61,551.23,2388.16,9150.89,1.3,48.14,520.41,2388.13,8219.41,8.5083,0.03,398,2388,100.0,38.57,23.0534,-1
5307,26,198,-0.0025,0.0,100.0,518.67,643.24,1599.73,1421.29,14.62,21.61,551.57,2388.19,9154.0,1.3,48.07,520.53,2388.16,8213.47,8.5098,0.03,397,2388,100.0,38.45,23.1852,-1
5308,26,199,-0.0005,0.0003,100.0,518.67,643.51,1599.25,1432.5,14.62,21.61,551.79,2388.19,9159.51,1.3,48.05,519.2,2388.2,8222.42,8.5347,0.03,398,2388,100.0,38.27,22.9867,-1
5458,27,150,-0.0009,0.0001,100.0,518.67,643.75,1599.94,1419.47,14.62,21.61,551.51,2388.17,9133.75,1.3,47.99,519.94,2388.13,8196.73,8.5362,0.03,398,2388,100.0,38.42,23.1674,-1
5459,27,151,-0.005,0.0003,100.0,518.67,643.48,1604.42,1423.42,14.62,21.61,551.31,2388.17,9129.98,1.3,48.11,520.3,2388.16,8195.98,8.5312,0.03,397,2388,100.0,38.48,23.1837,-1
5461,27,153,0.0027,0.0001,100.0,518.67,643.57,1600.98,1429.2,14.62,21.61,551.83,2388.17,9129.9,1.3,47.9,520.29,2388.19,8202.69,8.4995,0.03,395,2388,100.0,38.3,23.0855,-1
5462,27,154,0.0024,0.0002,100.0,518.67,643.8,1606.27,1431.34,14.62,21.61,551.47,2388.18,9140.82,1.3,48.15,519.87,2388.19,8205.16,8.502,0.03,397,2388,100.0,38.55,23.098,-1
5463,27,155,-0.003,0.0001,100.0,518.67,643.5,1607.67,1422.32,14.62,21.61,551.62,2388.14,9143.95,1.3,48.07,520.09,2388.25,8200.38,8.5216,0.03,398,2388,100.0,38.56,23.1217,-1
5464,27,156,0.0003,0.0004,100.0,518.67,643.76,1606.45,1429.06,14.62,21.61,551.51,2388.17,9141.14,1.3,48.26,519.43,2388.15,8210.07,8.5259,0.03,397,2388,100.0,38.65,23.0772,-1
5467,28,3,0.0006,-0.0004,100.0,518.67,642.13,1583.81,1396.23,14.62,21.6,554.32,2388.01,9066.04,1.3,47.27,521.84,2387.99,8139.99,8.3898,0.03,391,2388,100.0,39.1,23.5312,-1
5534,28,70,0.0005,0.0002,100.0,518.67,641.85,1588.49,1398.78,14.62,21.6,555.15,2388.01,9065.58,1.3,47.28,522.0,2388.0,8142.83,8.3872,0.03,391,2388,100.0,39.09,23.3669,-1
5626,28,162,0.0003,-0.0,100.0,518.67,643.83,1604.96,1430.24,14.62,21.61,551.63,2388.27,9081.64,1.3,48.14,519.94,2388.25,8154.59,8.5141,0.03,396,2388,100.0,38.26,23.2241,-1
5628,28,164,-0.0038,-0.0002,100.0,518.67,643.71,1594.05,1431.96,14.62,21.61,551.92,2388.28,9088.77,1.3,48.13,520.27,2388.24,8158.56,8.5308,0.03,396,2388,100.0,38.59,22.9402,-1
5629,28,165,-0.0036,-0.0004,100.0,518.67,644.01,1600.61,1431.57,14.62,21.61,551.78,2388.19,9087.32,1.3,48.04,519.31,2388.2,8166.05,8.5311,0.03,396,2388,100.0,38.37,23.1508,-1
5779,29,150,0.0004,0.0001,100.0,518.67,643.04,1603.57,1427.73,14.62,21.61,550.51,2388.31,9056.7,1.3,48.09,519.88,2388.18,8127.17,8.4913,0.03,396,2388,100.0,38.44,22.9954,-1
5785,29,156,0.0022,0.0002,100.0,518.67,643.58,1595.46,1423.41,14.62,21.61,552.1,2388.29,9043.78,1.3,48.06,520.19,2388.3,8131.85,8.5203,0.03,397,2388,100.0,38.4,23.1415,-1
5787,29,158,-0.0013,-0.0003,100.0,518.67,643.36,1595.08,1429.63,14.62,21.61,551.3,2388.29,9051.99,1.3,48.16,519.54,2388.28,8124.77,8.514,0.03,397,2388,100.0,38.43,22.9654,-1
5788,29,159,-0.0007,-0.0001,100.0,518.67,643.91,1597.89,1434.55,14.62,21.61,551.36,2388.27,9050.75,1.3,48.23,520.07,2388.25,8126.74,8.5532,0.03,397,2388,100.0,38.48,23.0397,-1
5789,29,160,-0.0004,0.0001,100.0,518.67,643.89,1593.49,1432.16,14.62,21.61,551.64,2388.28,9049.57,1.3,48.22,518.95,2388.26,8127.64,8.5163,0.03,395,2388,100.0,38.59,23.0645,-1
5790,29,161,0.0041,-0.0001,100.0,518.67,643.29,1601.97,1431.39,14.62,21.61,551.44,2388.28,9049.43,1.3,48.12,519.89,2388.39,8128.02,8.5148,0.03,397,2388,100.0,38.55,22.9987,-1
5792,29,163,-0.0018,-0.0003,100.0,518.67,643.98,1598.93,1436.41,14.62,21.61,551.64,2388.23,9042.66,1.3,48.17,519.75,2388.26,8121.38,8.5641,0.03,396,2388,100.0,38.29,23.0583,-1
5804,30,12,-0.0034,-0.0003,100.0,518.67,642.29,1593.34,1396.9,14.62,21.6,555.49,2387.99,9060.37,1.3,47.16,522.02,2387.97,8144.26,8.4074,0.03,391,2388,100.0,39.06,23.3477,-1
5806,30,14,0.0023,-0.0002,100.0,518.67,641.72,1583.39,1401.14,14.62,21.6,554.51,2387.98,9058.62,1.3,47.18,522.71,2387.94,8144.46,8.3855,0.03,392,2388,100.0,39.22,23.3945,-1
5811,30,19,-0.0006,-0.0004,100.0,518.67,641.6,1588.2,1393.93,14.62,21.6,554.5,2387.94,9058.17,1.3,47.05,522.73,2387.99,8146.27,8.4192,0.03,392,2388,100.0,39.07,23.4319,-1
5817,30,25,0.0005,0.0003,100.0,518.67,641.97,1590.33,1399.6,14.62,21.6,554.4,2388.03,9064.1,1.3,47.14,522.55,2388.0,8142.84,8.3728,0.03,391,2388,100.0,38.97,23.4629,-1
5831,30,39,0.001,-0.0001,100.0,518.67,641.79,1573.85,1400.68,14.62,21.6,554.62,2387.99,9064.49,1.3,47.29,522.44,2388.01,8146.06,8.3869,0.03,391,2388,100.0,39.07,23.3204,-1
5847,30,55,0.0016,-0.0004,100.0,518.67,642.42,1577.95,1392.36,14.62,21.6,554.45,2387.98,9067.7,1.3,47.21,523.08,2387.97,8144.22,8.3837,0.03,390,2388,100.0,39.05,23.4493,-1
5854,30,62,-0.0001,-0.0003,100.0,518.67,642.22,1587.12,1400.98,14.62,21.6,554.32,2388.01,9064.36,1.3,47.14,522.6,2388.02,8148.18,8.3555,0.03,393,2388,100.0,39.15,23.4328,-1
5870,30,78,0.0018,-0.0005,100.0,518.67,641.71,1582.59,1398.05,14.62,21.6,554.3,2388.04,9069.2,1.3,47.17,521.9,2388.0,8144.82,8.4039,0.03,391,2388,100.0,39.02,23.2979,-1
5979,30,187,0.0016,-0.0,100.0,518.67,643.33,1599.63,1427.59,14.62,21.61,551.12,2388.29,9048.77,1.3,48.1,519.88,2388.3,8117.48,8.4856,0.03,394,2388,100.0,38.63,23.0802,-1
5982,30,190,0.0002,0.0001,100.0,518.67,643.8,1601.46,1423.61,14.62,21.61,551.75,2388.21,9046.62,1.3,48.05,519.91,2388.31,8127.39,8.5077,0.03,397,2388,100.0,38.53,23.1087,-1
5983,30,191,-0.0026,0.0001,100.0,518.67,643.72,1603.55,1423.84,14.62,21.61,551.62,2388.29,9049.47,1.3,48.06,519.68,2388.27,8118.84,8.5266,0.03,394,2388,100.0,38.5,23.0123,-1
5985,30,193,0.0026,0.0003,100.0,518.67,644.01,1595.95,1427.62,14.62,21.61,551.86,2388.25,9052.23,1.3,48.2,519.28,2388.29,8126.56,8.5148,0.03,395,2388,100.0,38.44,22.9821,-1
5986,30,194,0.0003,0.0005,100.0,518.67,643.34,1604.03,1441.49,14.62,21.61,551.1,2388.32,9050.0,1.3,48.17,519.22,2388.3,8118.21,8.5298,0.03,396,2388,100.0,38.24,23.1925,-1
6050,31,64,-0.0014,-0.0001,100.0,518.67,641.93,1578.34,1394.57,14.62,21.6,553.74,2388.01,9060.72,1.3,47.25,521.88,2388.11,8139.69,8.3898,0.03,392,2388,100.0,39.06,23.4081,-1
6209,31,223,-0.0008,0.0002,100.0,518.67,642.98,1606.34,1422.75,14.62,21.61,551.1,2388.26,9045.3,1.3,47.96,519.28,2388.2,8122.55,8.5229,0.03,393,2388,100.0,38.42,23.1375,-1
6210,31,224,-0.0003,-0.0003,100.0,518.67,643.62,1598.21,1432.73,14.62,21.61,551.43,2388.29,9045.11,1.3,48.03,519.9,2388.2,8126.02,8.5313,0.03,395,2388,100.0,38.44,23.1149,-1
6212,31,226,-0.0008,-0.0005,100.0,518.67,643.05,1601.52,1426.01,14.62,21.61,552.04,2388.29,9047.34,1.3,48.11,520.25,2388.28,8118.91,8.5264,0.03,397,2388,100.0,38.5,23.1028,-1
6215,31,229,-0.0012,0.0004,100.0,518.67,644.11,1602.35,1429.78,14.62,21.61,551.66,2388.3,9050.49,1.3,48.26,519.23,2388.3,8125.82,8.5085,0.03,396,2388,100.0,38.45,23.0127,-1
6216,31,230,0.0005,-0.0002,100.0,518.67,643.48,1602.57,1428.95,14.62,21.61,550.93,2388.2,9045.1,1.3,48.0,519.64,2388.27,8123.25,8.4803,0.03,396,2388,100.0,38.52,23.0058,-1
6217,31,231,0.0001,0.0001,100.0,518.67,643.75,1606.56,1428.63,14.62,21.61,551.45,2388.28,9052.33,1.3,48.1,519.62,2388.3,8124.55,8.5289,0.03,397,2388,100.0,38.4,23.1205,-1
6218,31,232,0.0022,-0.0,100.0,518.67,644.07,1602.77,1429.18,14.62,21.61,551.15,2388.32,9043.3,1.3,48.08,519.65,2388.25,8128.78,8.5153,0.03,394,2388,100.0,38.48,23.0406,-1
6219,31,233,-0.0011,-0.0003,100.0,518.67,643.41,1601.56,1424.74,14.62,21.61,551.29,2388.27,9048.94,1.3,48.04,519.68,2388.3,8118.7,8.5001,0.03,396,2388,100.0,38.29,23.1609,-1
6220,31,234,0.0023,-0.0001,100.0,518.67,643.5,1599.79,1425.76,14.62,21.61,550.86,2388.34,9042.46,1.3,48.32,519.88,2388.35,8116.96,8.4871,0.03,397,2388,100.0,38.46,23.0314,-1
6401,32,181,0.0029,0.0005,100.0,518.67,643.82,1605.61,1427.33,14.62,21.61,551.75,2388.21,9076.89,1.3,48.0,519.93,2388.16,8150.6,8.5359,0.03,398,2388,100.0,38.46,23.0849,-1
6406,32,186,0.0027,0.0001,100.0,518.67,643.04,1600.38,1427.36,14.62,21.61,551.28,2388.27,9092.4,1.3,48.18,520.02,2388.21,8152.81,8.5223,0.03,397,2388,100.0,38.39,23.0851,-1
6408,32,188,0.0012,0.0004,100.0,518.67,643.18,1603.72,1433.31,14.62,21.61,551.27,2388.22,9085.92,1.3,48.1,519.72,2388.21,8156.89,8.5276,0.03,396,2388,100.0,38.58,23.0711,-1
6410,32,190,-0.0012,0.0001,100.0,518.67,643.88,1608.09,1430.3,14.62,21.61,551.6,2388.27,9095.02,1.3,48.14,519.72,2388.21,8158.32,8.549,0.03,397,2388,100.0,38.48,23.0643,-1
6411,32,191,0.0013,-0.0003,100.0,518.67,643.35,1605.39,1435.15,14.62,21.61,551.45,2388.18,9089.9,1.3,48.53,519.65,2388.21,8156.17,8.5372,0.03,396,2388,100.0,38.3,23.1225,-1
6418,33,7,-0.0042,0.0004,100.0,518.67,641.96,1581.63,1401.66,14.62,21.6,553.82,2388.0,9063.57,1.3,47.02,522.13,2388.01,8142.59,8.3696,0.03,392,2388,100.0,38.87,23.4763,-1
6422,33,11,-0.0006,-0.0,100.0,518.67,641.36,1582.87,1403.9,14.62,21.6,554.43,2387.99,9070.19,1.3,47.16,522.47,2387.99,8147.42,8.435,0.03,392,2388,100.0,38.82,23.4143,-1
6426,33,15,-0.0008,0.0005,100.0,518.67,642.06,1584.74,1395.96,14.62,21.6,555.06,2387.95,9060.74,1.3,47.25,522.52,2388.03,8141.85,8.3835,0.03,390,2388,100.0,39.0,23.5347,-1
6429,33,18,-0.0018,0.0005,100.0,518.67,642.26,1580.78,1397.48,14.62,21.6,555.27,2387.99,9062.84,1.3,47.09,523.27,2387.98,8145.53,8.3752,0.03,392,2388,100.0,39.08,23.3638,-1
6430,33,19,0.0002,-0.0002,100.0,518.67,641.7,1587.63,1402.12,14.62,21.6,554.26,2388.01,9061.05,1.3,47.04,522.58,2387.98,8146.15,8.4159,0.03,391,2388,100.0,38.88,23.5072,-1
6431,33,20,-0.0005,-0.0,100.0,518.67,642.05,1576.02,1397.76,14.62,21.6,554.31,2387.98,9066.53,1.3,47.24,522.55,2387.95,8144.91,8.4065,0.03,390,2388,100.0,38.98,23.4197,-1
6438,33,27,0.0009,0.0003,100.0,518.67,641.79,1590.44,1388.88,14.62,21.6,554.72,2388.05,9056.7,1.3,47.07,522.76,2388.02,8141.25,8.3778,0.03,390,2388,100.0,38.98,23.3423,-1
6440,33,29,0.0035,-0.0001,100.0,518.67,641.97,1587.11,1392.43,14.62,21.6,554.6,2387.96,9065.0,1.3,47.22,522.47,2388.01,8149.93,8.386,0.03,392,2388,100.0,39.09,23.491,-1
6444,33,33,0.0025,-0.0001,100.0,518.67,641.78,1583.2,1393.37,14.62,21.6,554.53,2388.01,9060.11,1.3,47.15,522.26,2388.02,8144.21,8.388,0.03,392,2388,100.0,39.19,23.4803,-1
6457,33,46,-0.0038,-0.0003,100.0,518.67,641.92,1590.06,1400.34,14.62,21.6,554.72,2387.97,9065.26,1.3,47.07,522.85,2387.99,8148.92,8.3853,0.03,392,2388,100.0,38.97,23.4452,-1
6488,33,77,0.0012,0.0005,100.0,518.67,642.66,1585.98,1403.68,14.62,21.6,554.97,2387.98,9062.06,1.3,47.29,521.66,2387.97,8144.72,8.3647,0.03,390,2388,100.0,39.18,23.4646,-1
6514,33,103,-0.0009,0.0003,100.0,518.67,641.42,1588.56,1394.59,14.62,21.6,555.0,2387.99,9047.15,1.3,47.25,522.15,2388.03,8143.36,8.4262,0.03,390,2388,100.0,38.95,23.374,-1
6517,33,106,0.0015,0.0001,100.0,518.67,642.75,1577.54,1401.66,14.62,21.6,554.81,2388.05,9063.33,1.3,47.32,522.23,2388.02,8142.78,8.4495,0.03,391,2388,100.0,39.2,23.3465,-1
6605,33,194,-0.0018,-0.0005,100.0,518.67,644.05,1590.05,1428.52,14.62,21.61,552.28,2388.24,9055.52,1.3,48.25,519.78,2388.27,8127.17,8.4459,0.03,398,2388,100.0,38.57,23.0798,-1
6608,33,197,-0.0057,0.0001,100.0,518.67,643.37,1599.96,1431.02,14.62,21.61,551.36,2388.28,9060.97,1.3,48.14,519.7,2388.31,8125.33,8.5113,0.03,396,2388,100.0,38.38,23.0525,-1
6609,33,198,0.0009,-0.0001,100.0,518.67,643.55,1601.52,1429.85,14.62,21.61,551.22,2388.29,9049.79,1.3,48.13,519.38,2388.28,8129.45,8.5442,0.03,396,2388,100.0,38.42,23.0661,-1
6610,33,199,0.0016,0.0001,100.0,518.67,643.97,1601.62,1425.2,14.62,21.61,551.06,2388.32,9059.43,1.3,48.16,519.71,2388.26,8125.97,8.5512,0.03,395,2388,100.0,38.4,22.9525,-1
6611,33,200,-0.0013,-0.0003,100.0,518.67,643.93,1605.51,1433.49,14.62,21.61,551.28,2388.23,9050.89,1.3,48.28,519.81,2388.31,8127.7,8.5146,0.03,397,2388,100.0,38.42,22.9862,-1
6797,34,186,0.0022,0.0003,100.0,518.67,643.75,1598.98,1422.41,14.62,21.61,552.3,2388.18,9146.83,1.3,48.35,520.62,2388.17,8211.62,8.5046,0.03,396,2388,100.0,38.45,23.0505,-1
6798,34,187,0.0019,0.0003,100.0,518.67,643.91,1599.92,1425.4,14.62,21.61,552.49,2388.12,9144.14,1.3,47.98,519.85,2388.17,8204.7,8.5215,0.03,396,2388,100.0,38.43,23.1659,-1
6800,34,189,0.0011,-0.0003,100.0,518.67,643.93,1599.6,1425.76,14.62,21.61,552.06,2388.12,9151.28,1.3,48.13,520.39,2388.12,8220.08,8.4878,0.03,396,2388,100.0,38.39,23.1228,-1
6801,34,190,-0.0025,-0.0003,100.0,518.67,643.29,1607.37,1425.41,14.62,21.61,551.59,2388.15,9157.54,1.3,48.01,519.79,2388.23,8216.41,8.4646,0.03,395,2388,100.0,38.48,23.0289,-1
6802,34,191,0.0001,0.0001,100.0,518.67,643.83,1601.08,1431.68,14.62,21.61,552.2,2388.14,9155.1,1.3,48.11,520.47,2388.13,8216.68,8.5044,0.03,397,2388,100.0,38.37,23.0613,-1
6803,34,192,0.0009,0.0005,100.0,518.67,643.53,1602.3,1428.02,14.62,21.61,552.04,2388.14,9164.23,1.3,48.07,519.49,2388.16,8216.6,8.5151,0.03,397,2388,100.0,38.38,22.9959,-1
6804,34,193,-0.0009,-0.0001,100.0,518.67,643.61,1602.13,1424.76,14.62,21.61,551.73,2388.19,9163.9,1.3,48.09,520.24,2388.15,8220.91,8.4963,0.03,396,2388,100.0,38.41,23.0797,-1
6805,34,194,-0.0026,-0.0002,100.0,518.67,643.44,1601.27,1426.19,14.62,21.61,551.45,2388.18,9166.06,1.3,48.08,520.41,2388.12,8228.95,8.5213,0.03,396,2388,100.0,38.36,23.0603,-1
6806,34,195,0.004,0.0006,100.0,518.67,643.94,1597.74,1434.09,14.62,21.61,551.46,2388.17,9162.57,1.3,48.33,520.01,2388.14,8230.84,8.5014,0.03,397,2388,100.0,38.36,22.9984,-1
6982,35,176,-0.0006,0.0004,100.0,518.67,643.81,1606.37,1429.28,14.62,21.61,551.53,2388.2,9096.02,1.3,48.02,519.91,2388.16,8166.44,8.5465,0.03,396,2388,100.0,38.48,23.1452,-1
6983,35,177,-0.0027,-0.0002,100.0,518.67,643.59,1600.98,1431.02,14.62,21.61,551.83,2388.26,9096.55,1.3,48.02,519.99,2388.21,8166.07,8.5246,0.03,396,2388,100.0,38.4,23.1584,-1
6985,35,179,0.0032,0.0001,100.0,518.67,643.8,1596.52,1426.09,14.62,21.61,551.36,2388.22,9101.02,1.3,48.16,519.61,2388.23,8166.77,8.5041,0.03,396,2388,100.0,38.49,22.9421,-1
6987,35,181,0.0003,0.0002,100.0,518.67,643.91,1600.31,1431.5,14.62,21.61,551.16,2388.24,9098.3,1.3,48.08,519.84,2388.25,8166.97,8.5153,0.03,396,2388,100.0,38.44,23.0205,-1
7138,36,151,-0.0008,0.0004,100.0,518.67,643.81,1597.38,1427.92,14.62,21.61,551.7,2388.23,9060.53,1.3,48.05,519.61,2388.29,8130.59,8.4733,0.03,397,2388,100.0,38.59,23.089,-1
7141,36,154,0.0001,0.0004,100.0,518.67,643.83,1597.45,1420.45,14.62,21.61,551.67,2388.25,9048.87,1.3,48.06,519.6,2388.29,8127.78,8.5334,0.03,397,2388,100.0,38.41,23.1648,-1
7142,36,155,0.0026,-0.0002,100.0,518.67,643.98,1598.5,1430.87,14.62,21.61,552.0,2388.25,9061.08,1.3,47.92,519.45,2388.26,8125.48,8.5326,0.03,397,2388,100.0,38.42,22.9776,-1
7143,36,156,-0.0026,-0.0001,100.0,518.67,643.87,1598.34,1432.17,14.62,21.61,551.98,2388.34,9054.17,1.3,48.0,519.62,2388.31,8130.62,8.5165,0.03,396,2388,100.0,38.64,23.1127,-1
7145,36,158,-0.0005,-0.0001,100.0,518.67,643.31,1606.6,1432.33,14.62,21.61,551.7,2388.28,9051.21,1.3,48.26,519.4,2388.31,8124.67,8.5327,0.03,396,2388,100.0,38.39,22.9915,-1
7302,37,157,0.0021,-0.0003,100.0,518.67,643.43,1595.5,1419.62,14.62,21.61,552.31,2388.28,9047.43,1.3,47.94,520.06,2388.3,8118.79,8.5312,0.03,397,2388,100.0,38.53,23.1102,-1
7306,37,161,-0.0022,-0.0004,100.0,518.67,643.65,1593.88,1426.97,14.62,21.61,551.14,2388.3,9042.71,1.3,48.02,519.91,2388.31,8114.51,8.4895,0.03,396,2388,100.0,38.51,23.0457,-1
7308,37,163,-0.001,0.0001,100.0,518.67,643.65,1602.86,1419.81,14.62,21.61,550.42,2388.26,9029.11,1.3,47.96,520.14,2388.26,8115.17,8.5042,0.03,396,2388,100.0,38.42,23.1404,-1
7309,37,164,-0.0024,0.0001,100.0,518.67,643.86,1603.81,1428.52,14.62,21.61,551.93,2388.26,9035.29,1.3,48.08,519.24,2388.31,8120.99,8.5206,0.03,396,2388,100.0,38.36,23.1513,-1
7310,37,165,-0.0019,-0.0003,100.0,518.67,643.53,1603.75,1427.53,14.62,21.61,551.97,2388.33,9036.86,1.3,48.16,519.34,2388.26,8117.11,8.4813,0.03,396,2388,100.0,38.4,23.0925,-1
7311,37,166,-0.0006,-0.0001,100.0,518.67,642.96,1596.19,1429.56,14.62,21.61,552.02,2388.28,9043.72,1.3,48.18,520.2,2388.33,8113.98,8.5092,0.03,396,2388,100.0,38.4,22.9895,-1
7312,37,167,-0.001,0.0001,100.0,518.67,643.82,1607.34,1428.05,14.62,21.61,551.9,2388.26,9042.51,1.3,47.99,519.7,2388.37,8120.42,8.5406,0.03,395,2388,100.0,38.38,22.985,-1
7313,37,168,-0.0005,0.0,100.0,518.67,643.95,1599.55,1428.01,14.62,21.61,551.52,2388.32,9039.08,1.3,48.13,519.34,2388.37,8117.61,8.4846,0.03,395,2388,100.0,38.41,23.1322,-1
7314,37,169,-0.002,0.0001,100.0,518.67,643.61,1598.41,1428.01,14.62,21.61,551.44,2388.24,9034.99,1.3,48.14,519.51,2388.29,8113.76,8.5367,0.03,397,2388,100.0,38.53,23.058,-1
7315,37,170,0.0024,-0.0005,100.0,518.67,643.85,1603.36,1425.87,14.62,21.61,551.28,2388.29,9038.73,1.3,48.4,519.15,2388.27,8116.79,8.5559,0.03,396,2388,100.0,38.37,23.1615,-1
7489,38,174,0.0012,0.0002,100.0,518.67,643.24,1599.67,1430.24,14.62,21.61,551.96,2388.17,9114.33,1.3,48.08,521.19,2388.14,8179.55,8.4668,0.03,397,2388,100.0,38.59,23.0522,-1
7500,38,185,-0.0015,-0.0,100.0,518.67,643.58,1598.91,1429.47,14.62,21.61,551.37,2388.18,9139.16,1.3,48.04,520.76,2388.14,8191.04,8.5422,0.03,397,2388,100.0,38.36,23.0453,-1
7502,38,187,0.0005,0.0001,100.0,518.67,643.52,1606.12,1432.11,14.62,21.61,552.39,2388.18,9134.76,1.3,48.14,519.91,2388.18,8206.67,8.481,0.03,397,2388,100.0,38.66,23.0874,-1
7504,38,189,0.0047,0.0001,100.0,518.67,643.92,1602.98,1429.18,14.62,21.61,551.55,2388.18,9147.53,1.3,48.11,520.44,2388.14,8210.99,8.5033,0.03,396,2388,100.0,38.49,23.0723,-1
7505,38,190,0.0015,0.0002,100.0,518.67,643.97,1601.42,1435.51,14.62,21.61,551.08,2388.19,9146.3,1.3,48.12,519.92,2388.22,8218.72,8.5201,0.03,396,2388,100.0,38.4,23.0671,-1
7506,38,191,0.0007,-0.0004,100.0,518.67,643.13,1604.78,1428.62,14.62,21.61,552.75,2388.11,9150.36,1.3,47.97,519.2,2388.19,8221.84,8.5265,0.03,395,2388,100.0,38.48,23.0973,-1
7507,38,192,0.0014,0.0002,100.0,518.67,643.65,1602.43,1430.7,14.62,21.61,551.56,2388.17,9150.13,1.3,48.08,519.17,2388.19,8225.24,8.542,0.03,398,2388,100.0,38.5,23.0961,-1
7508,38,193,0.0032,-0.0004,100.0,518.67,643.45,1604.46,1429.92,14.62,21.61,551.5,2388.21,9157.23,1.3,47.98,519.79,2388.16,8219.84,8.5484,0.03,397,2388,100.0,38.53,22.9884,-1
7509,38,194,-0.0017,0.0004,100.0,518.67,643.95,1606.9,1426.16,14.62,21.61,551.67,2388.26,9156.77,1.3,48.52,520.07,2388.16,8217.94,8.5574,0.03,397,2388,100.0,38.35,23.001,-1
7623,39,114,-0.0039,0.0003,100.0,518.67,643.73,1593.04,1424.94,14.62,21.61,552.51,2388.29,9040.03,1.3,48.04,519.52,2388.29,8114.46,8.5288,0.03,393,2388,100.0,38.65,23.1153,-1
7624,39,115,-0.0006,0.0001,100.0,518.67,643.66,1601.05,1422.15,14.62,21.61,551.25,2388.2,9034.82,1.3,48.06,520.29,2388.26,8113.17,8.5289,0.03,393,2388,100.0,38.59,23.1344,-1
7625,39,116,0.003,0.0006,100.0,518.67,643.89,1603.68,1430.13,14.62,21.61,551.47,2388.22,9036.15,1.3,47.94,520.03,2388.26,8113.55,8.491,0.03,397,2388,100.0,38.57,23.1147,-1
7627,39,118,-0.0035,0.0004,100.0,518.67,643.72,1596.04,1431.35,14.62,21.61,551.19,2388.3,9038.36,1.3,48.17,520.21,2388.28,8113.05,8.5379,0.03,396,2388,100.0,38.58,23.0341,-1
7628,39,119,0.0011,-0.0002,100.0,518.67,643.79,1601.46,1421.53,14.62,21.61,552.03,2388.23,9039.55,1.3,48.23,519.57,2388.25,8117.77,8.5258,0.03,394,2388,100.0,38.53,23.065,-1
7629,39,120,0.0003,-0.0003,100.0,518.67,643.49,1597.64,1427.32,14.62,21.61,551.32,2388.27,9036.9,1.3,48.16,519.64,2388.3,8114.52,8.5292,0.03,396,2388,100.0,38.58,23.0664,-1
7630,39,121,0.0003,-0.0002,100.0,518.67,643.66,1599.46,1427.89,14.62,21.61,551.51,2388.3,9039.67,1.3,48.11,519.61,2388.34,8113.99,8.5178,0.03,396,2388,100.0,38.44,23.1703,-1
7631,39,122,-0.0014,-0.0001,100.0,518.67,643.83,1599.38,1432.9,14.62,21.61,551.45,2388.23,9035.77,1.3,48.08,519.73,2388.33,8110.95,8.4953,0.03,394,2388,100.0,38.62,23.1146,-1
7633,39,124,-0.0044,0.0005,100.0,518.67,643.4,1601.14,1426.38,14.62,21.61,551.69,2388.31,9035.42,1.3,48.1,519.56,2388.34,8110.8,8.5038,0.03,396,2388,100.0,38.52,23.065,-1
7634,39,125,0.0062,0.0002,100.0,518.67,643.82,1600.98,1436.58,14.62,21.61,549.85,2388.32,9048.84,1.3,48.34,520.04,2388.27,8112.34,8.5306,0.03,397,2388,100.0,38.54,23.2056,-1
7635,39,126,0.0036,0.0002,100.0,518.67,644.24,1605.85,1426.13,14.62,21.61,551.74,2388.34,9031.64,1.3,48.01,519.66,2388.28,8108.51,8.5338,0.03,396,2388,100.0,38.45,23.1504,-1
7636,39,127,0.0004,0.0001,100.0,518.67,644.53,1595.03,1426.95,14.62,21.61,551.59,2388.36,9037.13,1.3,48.27,519.24,2388.32,8105.83,8.5383,0.03,395,2388,100.0,38.29,23.109,-1
7637,39,128,-0.0029,0.0002,100.0,518.67,643.66,1604.19,1428.14,14.62,21.61,550.68,2388.3,9036.1,1.3,48.27,518.83,2388.31,8106.63,8.5148,0.03,395,2388,100.0,38.5,23.0281,-1
7813,40,176,-0.0008,0.0005,100.0,518.67,643.97,1607.64,1415.96,14.62,21.61,551.27,2388.14,9121.78,1.3,48.08,519.74,2388.18,8185.17,8.4808,0.03,395,2388,100.0,38.63,23.1903,-1
7815,40,178,0.0015,-0.0002,100.0,518.67,643.93,1603.02,1429.43,14.62,21.61,551.27,2388.19,9112.86,1.3,48.06,519.92,2388.16,8188.82,8.4845,0.03,394,2388,100.0,38.41,23.0295,-1
7816,40,179,0.0002,0.0004,100.0,518.67,643.3,1598.63,1419.48,14.62,21.61,551.6,2388.24,9125.11,1.3,47.97,520.47,2388.23,8192.22,8.5238,0.03,397,2388,100.0,38.74,23.1035,-1
7817,40,180,0.0019,0.0001,100.0,518.67,643.68,1606.65,1431.78,14.62,21.61,551.36,2388.16,9118.87,1.3,48.05,520.81,2388.11,8186.41,8.5237,0.03,397,2388,100.0,38.39,22.9777,-1
7819,40,182,-0.0056,-0.0004,100.0,518.67,643.81,1607.54,1430.81,14.62,21.61,551.38,2388.19,9127.8,1.3,48.13,520.03,2388.14,8193.83,8.5184,0.03,398,2388,100.0,38.39,23.0108,-1
7820,40,183,-0.0024,-0.0004,100.0,518.67,643.7,1602.54,1428.22,14.62,21.61,551.88,2388.15,9130.24,1.3,48.2,520.39,2388.15,8195.59,8.5317,0.03,396,2388,100.0,38.53,22.9529,-1
7822,40,185,0.0007,-0.0002,100.0,518.67,643.32,1604.87,1427.3,14.62,21.61,552.45,2388.21,9127.07,1.3,48.12,519.56,2388.18,8194.02,8.5312,0.03,397,2388,100.0,38.47,22.9686,-1
7823,40,186,0.0002,0.0003,100.0,518.67,643.6,1614.93,1427.59,14.62,21.61,551.58,2388.22,9133.34,1.3,48.16,519.73,2388.21,8198.36,8.4929,0.03,396,2388,100.0,38.3,23.1198,-1
7824,40,187,-0.0016,0.0,100.0,518.67,644.06,1604.34,1428.42,14.62,21.61,550.87,2388.14,9133.51,1.3,48.15,519.75,2388.22,8198.9,8.4856,0.03,397,2388,100.0,38.5,23.0906,-1
7825,40,188,0.0002,-0.0003,100.0,518.67,643.87,1611.92,1432.96,14.62,21.61,551.08,2388.23,9142.42,1.3,48.03,520.33,2388.25,8202.76,8.535,0.03,397,2388,100.0,38.37,23.1022,-1
8033,41,208,-0.0007,0.0,100.0,518.67,643.68,1599.48,1428.41,14.62,21.61,551.7,2388.19,9141.47,1.3,47.95,520.06,2388.1,8202.8,8.4869,0.03,397,2388,100.0,38.71,23.1123,-1
8034,41,209,0.0016,0.0003,100.0,518.67,643.63,1597.54,1422.52,14.62,21.61,552.91,2388.18,9148.09,1.3,48.15,520.37,2388.12,8208.9,8.5426,0.03,395,2388,100.0,38.63,23.0502,-1
8035,41,210,0.0016,0.0003,100.0,518.67,642.86,1597.65,1421.63,14.62,21.61,551.88,2388.16,9143.5,1.3,48.19,520.4,2388.15,8212.79,8.5217,0.03,396,2388,100.0,38.24,23.0194,-1
8036,41,211,-0.0001,0.0005,100.0,518.67,643.95,1601.42,1429.42,14.62,21.61,551.44,2388.15,9143.75,1.3,48.06,520.17,2388.12,8213.3,8.5323,0.03,396,2388,100.0,38.49,23.0543,-1
8037,41,212,-0.0012,0.0005,100.0,518.67,643.91,1603.06,1423.13,14.62,21.61,551.85,2388.15,9149.0,1.3,48.25,520.08,2388.15,8214.56,8.551,0.03,396,2388,100.0,38.59,23.0281,-1
8038,41,213,-0.0013,-0.0002,100.0,518.67,643.49,1605.82,1434.97,14.62,21.61,551.97,2388.15,9149.92,1.3,48.32,519.69,2388.17,8209.9,8.5262,0.03,397,2388,100.0,38.48,23.0126,-1
8039,41,214,-0.0014,0.0,100.0,518.67,644.07,1602.54,1431.63,14.62,21.61,550.98,2388.18,9155.38,1.3,48.03,519.6,2388.17,8215.17,8.5404,0.03,398,2388,100.0,38.49,23.0107,-1
8040,41,215,-0.0,-0.0002,100.0,518.67,643.82,1610.3,1423.4,14.62,21.61,552.7,2388.22,9147.43,1.3,48.17,519.94,2388.19,8216.11,8.5354,0.03,398,2388,100.0,38.47,23.0304,-1
8041,41,216,-0.0024,-0.0001,100.0,518.67,643.51,1603.91,1428.74,14.62,21.61,551.53,2388.16,9152.86,1.3,48.34,520.07,2388.17,8214.55,8.4999,0.03,398,2388,100.0,38.25,23.1237,-1
8232,42,191,0.0013,-0.0,100.0,518.67,643.67,1600.82,1429.17,14.62,21.61,551.65,2388.26,9058.64,1.3,48.13,520.11,2388.26,8138.41,8.5377,0.03,395,2388,100.0,38.45,22.9984,-1
8234,42,193,0.0028,-0.0001,100.0,518.67,643.95,1600.73,1423.5,14.62,21.61,551.47,2388.27,9063.55,1.3,48.07,520.14,2388.29,8140.95,8.5848,0.03,396,2388,100.0,38.31,23.0786,-1
8235,42,194,-0.0004,0.0,100.0,518.67,643.16,1598.79,1425.53,14.62,21.61,551.6,2388.22,9073.27,1.3,48.13,519.29,2388.27,8138.27,8.5219,0.03,395,2388,100.0,38.34,23.0127,-1
8236,42,195,-0.0039,0.0002,100.0,518.67,643.6,1602.5,1428.71,14.62,21.61,552.2,2388.23,9069.16,1.3,48.11,519.79,2388.24,8137.0,8.5474,0.03,394,2388,100.0,38.35,23.0499,-1
8237,42,196,-0.0019,0.0003,100.0,518.67,643.34,1597.41,1427.68,14.62,21.61,551.04,2388.29,9066.91,1.3,47.97,519.68,2388.26,8133.97,8.5161,0.03,395,2388,100.0,38.43,22.995,-1
8253,43,16,-0.001,0.0002,100.0,518.67,641.45,1584.97,1403.54,14.62,21.6,554.03,2388.04,9045.69,1.3,47.14,522.16,2388.04,8138.15,8.4176,0.03,391,2388,100.0,39.03,23.4268,-1
8431,43,194,0.0032,0.0002,100.0,518.67,642.76,1599.91,1424.64,14.62,21.61,551.64,2388.28,9040.11,1.3,48.04,520.05,2388.27,8123.16,8.5346,0.03,394,2388,100.0,38.52,23.1438,-1
8436,43,199,-0.0011,0.0002,100.0,518.67,644.14,1595.39,1429.39,14.62,21.61,551.59,2388.22,9048.06,1.3,48.14,519.85,2388.28,8118.04,8.518,0.03,394,2388,100.0,38.49,23.2322,-1
8438,43,201,-0.0,0.0001,100.0,518.67,643.41,1600.81,1432.08,14.62,21.61,551.01,2388.27,9043.28,1.3,48.12,519.81,2388.31,8118.17,8.5196,0.03,396,2388,100.0,38.39,23.1349,-1
8439,43,202,0.0012,0.0003,100.0,518.67,643.51,1597.68,1420.43,14.62,21.61,551.67,2388.33,9047.45,1.3,48.23,519.91,2388.27,8118.29,8.5039,0.03,394,2388,100.0,38.42,23.0226,-1
8440,43,203,-0.0027,0.0001,100.0,518.67,644.13,1602.22,1433.01,14.62,21.61,551.32,2388.27,9041.64,1.3,48.09,519.67,2388.31,8115.21,8.488,0.03,395,2388,100.0,38.33,23.1111,-1
8441,43,204,-0.0012,0.0001,100.0,518.67,643.58,1602.82,1427.41,14.62,21.61,551.87,2388.34,9036.58,1.3,48.14,519.56,2388.28,8113.18,8.5128,0.03,396,2388,100.0,38.57,23.1863,-1
8442,43,205,0.0018,-0.0005,100.0,518.67,643.73,1599.89,1431.71,14.62,21.61,551.27,2388.28,9041.39,1.3,48.22,519.49,2388.31,8119.16,8.5322,0.03,397,2388,100.0,38.46,23.0507,-1
8443,43,206,-0.0027,0.0003,100.0,518.67,643.55,1593.77,1426.61,14.62,21.61,551.64,2388.29,9046.79,1.3,48.13,520.33,2388.32,8111.21,8.5307,0.03,397,2388,100.0,38.27,22.954,-1
8444,43,207,0.0003,-0.0,100.0,518.67,643.99,1599.57,1427.53,14.62,21.61,550.73,2388.37,9035.0,1.3,48.03,519.37,2388.3,8113.24,8.4916,0.03,397,2388,100.0,38.44,22.9936,-1
8635,44,191,0.0043,-0.0,100.0,518.67,644.13,1596.87,1422.36,14.62,21.61,551.14,2388.19,9084.0,1.3,48.12,520.18,2388.24,8150.26,8.5249,0.03,398,2388,100.0,38.64,23.0364,-1
8636,44,192,0.0015,-0.0003,100.0,518.67,643.95,1608.5,1438.96,14.62,21.61,552.03,2388.17,9079.75,1.3,48.05,519.87,2388.23,8155.1,8.5266,0.03,396,2388,100.0,38.39,22.9435,-1
8645,45,9,-0.0038,-0.0003,100.0,518.67,642.48,1575.54,1393.75,14.62,21.6,554.93,2387.94,9077.86,1.3,47.33,522.57,2388.01,8150.72,8.3895,0.03,392,2388,100.0,38.86,23.3374,-1
8653,45,17,-0.0008,0.0003,100.0,518.67,642.06,1583.64,1406.43,14.62,21.6,554.16,2388.0,9070.49,1.3,47.06,522.62,2388.05,8152.64,8.3696,0.03,391,2388,100.0,38.85,23.4428,-1
8657,45,21,0.0005,-0.0003,100.0,518.67,642.23,1582.61,1396.32,14.62,21.6,554.12,2388.04,9079.16,1.3,47.15,522.02,2387.98,8149.71,8.3811,0.03,391,2388,100.0,39.15,23.3855,-1
8663,45,27,-0.0039,-0.0002,100.0,518.67,641.64,1587.1,1403.04,14.62,21.6,554.16,2387.99,9070.97,1.3,47.18,522.41,2387.97,8150.2,8.3762,0.03,391,2388,100.0,39.01,23.5326,-1
8791,45,155,-0.0044,0.0002,100.0,518.67,643.07,1604.21,1430.01,14.62,21.61,551.31,2388.19,9098.38,1.3,47.97,519.79,2388.23,8162.68,8.5521,0.03,395,2388,100.0,38.35,23.0156,-1
8793,45,157,0.0007,0.0001,100.0,518.67,644.07,1597.36,1432.96,14.62,21.61,551.11,2388.24,9098.48,1.3,48.18,519.37,2388.19,8167.85,8.5358,0.03,397,2388,100.0,38.4,23.1416,-1
8794,45,158,0.0012,-0.0001,100.0,518.67,643.7,1598.55,1437.88,14.62,21.61,551.59,2388.23,9095.15,1.3,48.29,519.83,2388.23,8160.09,8.5497,0.03,396,2388,100.0,38.22,23.0342,-1
8800,46,6,-0.0025,-0.0001,100.0,518.67,642.42,1585.59,1400.48,14.62,21.6,554.65,2388.03,9055.37,1.3,46.97,522.35,2387.98,8146.62,8.4055,0.03,392,2388,100.0,39.0,23.431,-1
8869,46,75,-0.0003,0.0004,100.0,518.67,642.34,1586.19,1403.82,14.62,21.6,554.8,2388.02,9062.57,1.3,47.07,522.05,2387.99,8140.39,8.3922,0.03,391,2388,100.0,38.89,23.5176,-1
9045,46,251,-0.0039,0.0004,100.0,518.67,643.71,1601.83,1426.78,14.62,21.61,550.74,2388.27,9044.42,1.3,48.16,519.82,2388.27,8123.49,8.5302,0.03,395,2388,100.0,38.44,23.0447,-1
9046,46,252,0.0011,0.0002,100.0,518.67,643.74,1604.29,1426.03,14.62,21.61,551.22,2388.29,9053.35,1.3,48.23,519.83,2388.26,8126.53,8.4992,0.03,397,2388,100.0,38.68,22.9664,-1
9047,46,253,-0.0007,0.0003,100.0,518.67,644.27,1601.35,1425.3,14.62,21.61,550.83,2388.3,9052.47,1.3,48.33,519.95,2388.2,8127.21,8.5271,0.03,397,2388,100.0,38.43,22.9692,-1
9048,46,254,-0.0014,0.0002,100.0,518.67,643.9,1595.95,1430.12,14.62,21.61,550.5,2388.22,9053.98,1.3,48.11,519.97,2388.32,8122.81,8.504,0.03,396,2388,100.0,38.49,23.0242,-1
9049,46,255,0.003,-0.0003,100.0,518.67,643.75,1602.1,1429.98,14.62,21.61,550.76,2388.25,9057.26,1.3,48.29,519.99,2388.26,8120.71,8.5249,0.03,396,2388,100.0,38.4,23.1204,-1
9050,46,256,0.0023,0.0002,100.0,518.67,644.44,1602.57,1433.99,14.62,21.61,550.75,2388.25,9041.98,1.3,48.22,519.48,2388.32,8118.01,8.5052,0.03,397,2388,100.0,38.38,23.017,-1
9054,47,4,0.0012,0.0002,100.0,518.67,642.01,1578.91,1387.93,14.62,21.61,555.21,2387.98,9060.55,1.3,47.12,523.31,2387.95,8148.12,8.3724,0.03,390,2388,100.0,39.2,23.4821,-1
9058,47,8,0.0008,0.0002,100.0,518.67,641.62,1587.61,1397.07,14.62,21.6,554.31,2388.03,9066.85,1.3,47.13,522.2,2387.94,8146.9,8.3724,0.03,388,2388,100.0,39.02,23.517,-1
9066,47,16,-0.0009,0.0,100.0,518.67,642.02,1588.73,1398.9,14.62,21.6,555.16,2387.97,9066.42,1.3,47.17,521.96,2387.98,8141.08,8.4188,0.03,392,2388,100.0,39.29,23.3971,-1
9106,47,56,-0.0021,-0.0003,100.0,518.67,642.1,1584.43,1394.51,14.62,21.6,554.55,2387.99,9070.0,1.3,47.12,522.98,2387.97,8145.71,8.4306,0.03,393,2388,100.0,38.98,23.4253,-1
9117,47,67,0.0011,-0.0005,100.0,518.67,642.07,1583.78,1400.62,14.62,21.6,554.14,2388.01,9063.9,1.3,47.41,522.43,2387.98,8147.25,8.409,0.03,389,2388,100.0,39.07,23.4957,-1
9257,47,207,-0.0024,-0.0003,100.0,518.67,643.31,1605.32,1426.49,14.62,21.61,551.04,2388.18,9099.45,1.3,48.13,520.12,2388.23,8176.28,8.5257,0.03,396,2388,100.0,38.36,23.065,-1
9261,47,211,-0.0006,-0.0005,100.0,518.67,642.96,1605.71,1433.16,14.62,21.61,551.77,2388.2,9097.78,1.3,48.14,520.18,2388.21,8173.23,8.4635,0.03,396,2388,100.0,38.25,23.0423,-1
9263,47,213,-0.0015,-0.0003,100.0,518.67,643.9,1604.52,1422.89,14.62,21.61,551.93,2388.21,9109.27,1.3,48.23,520.18,2388.23,8176.56,8.527,0.03,397,2388,100.0,38.59,22.965,-1
9264,47,214,0.0032,-0.0001,100.0,518.67,643.5,1602.64,1433.3,14.62,21.61,551.7,2388.21,9107.27,1.3,48.28,519.72,2388.22,8176.36,8.5238,0.03,395,2388,100.0,38.48,23.1299,-1
9279,48,15,-0.0036,-0.0001,100.0,518.67,642.17,1587.61,1394.65,14.62,21.6,554.16,2388.02,9070.49,1.3,47.31,522.47,2388.01,8148.07,8.4253,0.03,392,2388,100.0,39.14,23.4874,-1
9301,48,37,-0.0011,0.0001,100.0,518.67,642.45,1583.54,1395.63,14.62,21.6,553.39,2388.02,9064.29,1.3,47.11,522.06,2388.03,8146.17,8.3687,0.03,392,2388,100.0,39.08,23.4468,-1
9308,48,44,-0.0013,0.0005,100.0,518.67,642.02,1588.3,1400.69,14.62,21.6,554.58,2387.97,9063.5,1.3,47.05,522.01,2388.03,8146.44,8.3957,0.03,391,2388,100.0,39.05,23.4356,-1
9406,48,142,-0.0032,0.0002,100.0,518.67,642.23,1587.81,1400.04,14.62,21.6,553.84,2387.98,9085.0,1.3,47.24,522.6,2387.98,8162.77,8.3446,0.03,391,2388,100.0,39.07,23.4193,-1
9448,48,184,-0.0025,-0.0002,100.0,518.67,642.52,1591.88,1398.63,14.62,21.6,552.64,2388.01,9115.5,1.3,47.61,521.6,2388.03,8194.3,8.4368,0.03,393,2388,100.0,38.82,23.3124,-1
9469,48,205,-0.0027,0.0004,100.0,518.67,642.65,1588.68,1419.31,14.62,21.61,552.76,2387.99,9151.35,1.3,47.61,521.16,2388.05,8216.59,8.4426,0.03,395,2388,100.0,38.6,23.2698,-1
9473,48,209,0.0008,-0.0001,100.0,518.67,642.83,1596.06,1421.92,14.62,21.61,553.07,2388.04,9158.94,1.3,47.68,520.72,2388.05,8229.16,8.4857,0.03,396,2388,100.0,38.78,23.0752,-1
9475,48,211,0.0013,-0.0002,100.0,518.67,642.91,1600.75,1417.84,14.62,21.61,553.08,2388.03,9164.03,1.3,47.94,520.29,2388.1,8227.46,8.4596,0.03,396,2388,100.0,38.7,23.2743,-1
9477,48,213,-0.0026,-0.0004,100.0,518.67,643.28,1597.42,1408.66,14.62,21.61,553.21,2388.14,9167.05,1.3,47.62,521.33,2388.1,8230.32,8.4773,0.03,396,2388,100.0,38.64,23.1549,-1
9479,48,215,0.003,0.0002,100.0,518.67,643.07,1601.76,1421.3,14.62,21.61,553.06,2388.1,9172.79,1.3,47.68,520.6,2388.06,8240.15,8.478,0.03,397,2388,100.0,38.43,23.1378,-1
9480,48,216,-0.0045,-0.0004,100.0,518.67,643.4,1601.0,1407.63,14.62,21.61,553.0,2388.1,9171.45,1.3,47.97,521.03,2388.09,8241.36,8.5016,0.03,397,2388,100.0,38.58,23.2,-1
9481,48,217,-0.0011,0.0003,100.0,518.67,643.29,1594.66,1421.11,14.62,21.61,552.89,2388.08,9167.0,1.3,47.64,521.04,2388.13,8237.72,8.5073,0.03,397,2388,100.0,38.41,23.1774,-1
9482,48,218,0.0015,-0.0001,100.0,518.67,643.33,1598.76,1415.13,14.62,21.61,553.18,2388.06,9182.87,1.3,47.59,520.88,2388.1,8243.81,8.5131,0.03,395,2388,100.0,38.72,23.1518,-1
9483,48,219,0.0028,-0.0002,100.0,518.67,643.35,1601.96,1422.96,14.62,21.61,552.45,2388.08,9183.28,1.3,47.87,520.87,2388.1,8247.86,8.4863,0.03,396,2388,100.0,38.45,23.1485,-1
9484,48,220,-0.0029,-0.0001,100.0,518.67,643.43,1600.6,1418.94,14.62,21.61,553.21,2388.06,9187.13,1.3,47.8,521.0,2388.06,8250.12,8.4868,0.03,396,2388,100.0,38.52,23.1516,-1
9485,48,221,-0.0019,-0.0002,100.0,518.67,643.08,1598.16,1425.57,14.62,21.61,552.01,2388.13,9191.86,1.3,48.01,520.72,2388.1,8255.4,8.5087,0.03,395,2388,100.0,38.6,23.2172,-1
9486,48,222,0.0056,0.0004,100.0,518.67,643.71,1603.59,1419.42,14.62,21.61,552.2,2388.1,9190.24,1.3,47.9,520.73,2388.06,8248.76,8.5139,0.03,395,2388,100.0,38.65,23.1358,-1
9487,48,223,-0.0011,0.0003,100.0,518.67,643.59,1604.0,1418.92,14.62,21.61,552.25,2388.12,9194.76,1.3,47.95,520.88,2388.1,8262.29,8.4945,0.03,395,2388,100.0,38.4,23.1297,-1
9488,48,224,-0.0013,0.0001,100.0,518.67,643.36,1606.43,1426.57,14.62,21.61,552.39,2388.07,9202.57,1.3,47.93,521.02,2388.07,8263.32,8.5171,0.03,395,2388,100.0,38.51,23.1291,-1
9489,48,225,-0.0016,0.0001,100.0,518.67,643.87,1598.18,1430.13,14.62,21.61,552.29,2388.11,9198.81,1.3,47.78,520.47,2388.15,8266.63,8.4576,0.03,395,2388,100.0,38.36,23.2052,-1
9490,48,226,-0.0043,-0.0002,100.0,518.67,642.95,1604.22,1419.28,14.62,21.61,551.99,2388.05,9207.82,1.3,47.92,520.97,2388.12,8264.65,8.4938,0.03,396,2388,100.0,38.5,23.0366,-1
9491,48,227,-0.0001,-0.0001,100.0,518.67,643.75,1608.61,1426.16,14.62,21.61,552.33,2388.16,9208.97,1.3,47.76,520.14,2388.12,8272.65,8.4803,0.03,397,2388,100.0,38.64,23.1457,-1
9492,48,228,0.0002,-0.0002,100.0,518.67,643.82,1598.89,1420.08,14.62,21.61,550.98,2388.09,9210.41,1.3,48.04,520.68,2388.11,8271.59,8.5145,0.03,395,2388,100.0,38.51,23.0815,-1
9493,48,229,0.0007,0.0003,100.0,518.67,644.18,1600.93,1425.22,14.62,21.61,551.62,2388.11,9214.52,1.3,48.0,520.29,2388.12,8270.51,8.4947,0.03,396,2388,100.0,38.59,23.0387,-1
9494,48,230,0.0038,0.0005,100.0,518.67,643.39,1600.58,1429.6,14.62,21.61,551.83,2388.19,9221.31,1.3,48.12,520.76,2388.2,8276.2,8.5112,0.03,397,2388,100.0,38.49,23.0147,-1
9495,48,231,-0.0025,-0.0005,100.0,518.67,644.02,1609.54,1435.19,14.62,21.61,551.65,2388.52,9228.53,1.3,47.98,520.53,2388.55,8290.25,8.4923,0.03,398,2388,100.0,38.45,23.0188,-1
9701,49,206,0.0004,0.0,100.0,518.67,643.48,1603.09,1426.65,14.62,21.61,552.05,2388.27,9058.6,1.3,48.31,519.85,2388.22,8132.4,8.5527,0.03,397,2388,100.0,38.55,22.9967,-1
9702,49,207,0.0033,-0.0,100.0,518.67,643.72,1596.69,1423.79,14.62,21.61,551.2,2388.26,9063.43,1.3,48.18,519.41,2388.25,8132.4,8.508,0.03,397,2388,100.0,38.57,23.0009,-1
9704,49,209,0.0029,-0.0004,100.0,518.67,644.08,1604.93,1418.24,14.62,21.61,551.75,2388.3,9062.54,1.3,47.95,519.6,2388.32,8135.96,8.4972,0.03,396,2388,100.0,38.5,23.1663,-1
9706,49,211,-0.0034,-0.0005,100.0,518.67,643.48,1605.85,1433.55,14.62,21.61,551.37,2388.34,9061.58,1.3,48.16,519.72,2388.29,8139.93,8.5333,0.03,396,2388,100.0,38.44,23.1226,-1
9708,49,213,-0.0024,-0.0002,100.0,518.67,643.8,1597.25,1428.56,14.62,21.61,551.71,2388.24,9065.19,1.3,48.26,519.54,2388.28,8137.82,8.5363,0.03,397,2388,100.0,38.45,23.0635,-1
9709,49,214,0.0002,0.0001,100.0,518.67,643.64,1599.32,1427.87,14.62,21.61,550.97,2388.31,9069.14,1.3,48.16,519.02,2388.29,8133.65,8.5176,0.03,396,2388,100.0,38.46,23.1829,-1
9710,49,215,0.0026,-0.0005,100.0,518.67,644.2,1593.84,1433.24,14.62,21.61,550.72,2388.26,9058.19,1.3,48.26,519.25,2388.3,8138.39,8.5046,0.03,396,2388,100.0,38.46,23.0171,-1
9889,50,179,-0.0017,-0.0,100.0,518.67,644.05,1595.72,1417.09,14.62,21.61,551.39,2388.15,9105.7,1.3,47.89,520.95,2388.12,8175.73,8.4854,0.03,397,2388,100.0,38.67,23.0033,-1
9893,50,183,0.0031,-0.0001,100.0,518.67,642.67,1599.99,1419.22,14.62,21.61,552.49,2388.14,9112.22,1.3,47.98,519.6,2388.1,8182.82,8.5189,0.03,397,2388,100.0,38.68,23.0091,-1
9899,50,189,0.0018,-0.0004,100.0,518.67,643.22,1604.68,1423.37,14.62,21.61,551.48,2388.19,9119.31,1.3,48.02,519.77,2388.22,8188.29,8.4782,0.03,397,2388,100.0,38.3,23.0607,-1
9903,50,193,0.0014,-0.0002,100.0,518.67,643.95,1599.52,1425.99,14.62,21.61,551.54,2388.22,9124.44,1.3,48.15,520.06,2388.13,8191.4,8.5049,0.03,397,2388,100.0,38.33,23.0002,-1
9904,50,194,0.0037,0.0004,100.0,518.67,643.77,1604.93,1423.51,14.62,21.61,551.41,2388.18,9128.75,1.3,48.16,519.85,2388.19,8194.2,8.5043,0.03,396,2388,100.0,38.42,23.0543,-1
9905,50,195,0.0019,-0.0004,100.0,518.67,643.33,1605.31,1434.87,14.62,21.61,551.25,2388.17,9134.7,1.3,48.14,519.33,2388.21,8200.9,8.5352,0.03,395,2388,100.0,38.45,23.0191,-1
9906,50,196,0.002,-0.0002,100.0,518.67,643.32,1602.26,1430.01,14.62,21.61,551.4,2388.19,9129.59,1.3,48.24,519.88,2388.17,8194.1,8.5034,0.03,395,2388,100.0,38.45,23.0379,-1
9907,50,197,-0.0026,-0.0001,100.0,518.67,643.73,1599.94,1432.87,14.62,21.61,551.18,2388.19,9132.97,1.3,48.22,519.48,2388.2,8194.64,8.5241,0.03,397,2388,100.0,38.52,23.0832,-1
9908,50,198,0.0039,0.0001,100.0,518.67,643.83,1608.2,1433.88,14.62,21.61,552.06,2388.2,9128.91,1.3,48.01,520.0,2388.25,8200.2,8.5002,0.03,396,2388,100.0,38.43,23.1086,-1
9911,51,3,0.0008,-0.0004,100.0,518.67,642.49,1591.56,1398.4,14.62,21.6,553.8,2387.98,9064.23,1.3,47.06,522.27,2388.0,8142.38,8.4018,0.03,392,2388,100.0,39.18,23.3495,-1
9951,51,43,-0.0023,-0.0004,100.0,518.67,641.75,1590.87,1390.27,14.62,21.6,555.22,2388.01,9065.07,1.3,47.05,522.86,2387.99,8146.23,8.4266,0.03,391,2388,100.0,39.06,23.3238,-1
9955,51,47,0.0012,-0.0005,100.0,518.67,641.89,1584.02,1394.6,14.62,21.6,555.0,2388.05,9063.82,1.3,47.35,522.46,2388.05,8145.38,8.4086,0.03,393,2388,100.0,39.11,23.4013,-1
9960,51,52,-0.0002,0.0002,100.0,518.67,641.7,1579.66,1396.44,14.62,21.6,554.61,2387.98,9066.09,1.3,47.29,522.51,2387.94,8144.85,8.3845,0.03,392,2388,100.0,39.1,23.4208,-1
10098,51,190,0.001,-0.0003,100.0,518.67,643.1,1600.81,1415.55,14.62,21.61,552.52,2388.02,9154.05,1.3,47.7,521.33,2388.08,8226.4,8.4591,0.03,394,2388,100.0,38.69,23.3197,-1
10099,51,191,-0.0012,0.0,100.0,518.67,642.74,1584.78,1424.99,14.62,21.61,553.27,2388.07,9152.17,1.3,47.79,521.46,2387.99,8220.61,8.4678,0.03,394,2388,100.0,38.65,23.2786,-1
10100,51,192,0.0023,0.0002,100.0,518.67,643.45,1594.21,1410.0,14.62,21.61,554.06,2388.04,9158.53,1.3,47.77,521.17,2388.08,8227.41,8.444,0.03,395,2388,100.0,38.54,23.2994,-1
10105,51,197,0.0037,0.0001,100.0,518.67,642.83,1597.94,1418.42,14.62,21.61,552.71,2388.12,9179.12,1.3,47.66,521.17,2388.04,8236.36,8.4965,0.03,395,2388,100.0,38.96,23.1683,-1
10106,51,198,0.0009,0.0,100.0,518.67,643.51,1591.09,1418.2,14.62,21.61,553.4,2388.07,9175.36,1.3,47.78,521.21,2388.08,8239.24,8.4886,0.03,395,2388,100.0,38.53,23.1286,-1
10107,51,199,0.0039,-0.0004,100.0,518.67,643.19,1592.24,1417.94,14.62,21.61,553.05,2388.06,9174.31,1.3,47.66,521.0,2388.08,8238.54,8.4873,0.03,395,2388,100.0,38.65,23.2985,-1
10108,51,200,0.0004,-0.0003,100.0,518.67,642.65,1594.92,1414.82,14.62,21.61,552.75,2388.03,9175.16,1.3,47.73,520.86,2388.05,8242.47,8.4732,0.03,395,2388,100.0,38.69,23.1436,-1
10109,51,201,0.0009,0.0002,100.0,518.67,643.27,1605.04,1419.07,14.62,21.61,552.89,2388.09,9185.64,1.3,47.83,521.23,2388.08,8245.46,8.4866,0.03,395,2388,100.0,38.45,23.2067,-1
10110,51,202,-0.0009,-0.0,100.0,518.67,643.22,1605.12,1412.48,14.62,21.61,552.56,2388.08,9185.22,1.3,47.94,520.93,2388.06,8248.19,8.4987,0.03,394,2388,100.0,38.82,23.1381,-1
10111,51,203,-0.0038,-0.0001,100.0,518.67,643.08,1590.92,1426.12,14.62,21.61,552.41,2388.15,9188.26,1.3,47.69,520.94,2388.07,8253.41,8.499,0.03,396,2388,100.0,38.62,23.0319,-1
10112,51,204,0.0011,0.0004,100.0,518.67,643.21,1604.24,1423.73,14.62,21.61,552.53,2388.07,9201.99,1.3,47.79,521.25,2388.09,8253.27,8.4982,0.03,396,2388,100.0,38.67,23.1033,-1
10113,51,205,0.0023,-0.0,100.0,518.67,643.31,1592.63,1423.81,14.62,21.61,552.69,2388.07,9193.09,1.3,47.94,520.58,2388.09,8256.4,8.4914,0.03,393,2388,100.0,38.57,23.1452,-1
10114,51,206,0.003,0.0004,100.0,518.67,643.44,1601.34,1416.05,14.62,21.61,552.53,2388.08,9204.96,1.3,48.07,520.38,2388.1,8261.07,8.4775,0.03,397,2388,100.0,38.69,23.1276,-1
10115,51,207,0.0017,-0.0004,100.0,518.67,643.27,1602.47,1415.91,14.62,21.61,552.45,2388.07,9211.23,1.3,47.99,520.47,2388.11,8268.39,8.5021,0.03,396,2388,100.0,38.56,23.2241,-1
10116,51,208,-0.0015,0.0004,100.0,518.67,643.69,1606.39,1422.9,14.62,21.61,552.72,2388.14,9210.36,1.3,47.94,520.42,2388.12,8267.54,8.4834,0.03,397,2388,100.0,38.46,23.2072,-1
10117,51,209,0.0031,-0.0003,100.0,518.67,643.81,1604.36,1428.61,14.62,21.61,552.49,2388.12,9214.76,1.3,47.95,520.78,2388.05,8269.27,8.5187,0.03,396,2388,100.0,38.66,23.1217,-1
10118,51,210,0.0008,0.0005,100.0,518.67,643.19,1605.01,1430.44,14.62,21.61,551.49,2388.11,9213.46,1.3,47.94,520.38,2388.14,8274.65,8.5195,0.03,395,2388,100.0,38.57,23.0721,-1
10119,51,211,0.0008,-0.0005,100.0,518.67,643.68,1609.75,1419.91,14.62,21.61,552.63,2388.32,9219.81,1.3,48.27,520.24,2388.29,8279.86,8.5275,0.03,398,2388,100.0,38.43,23.0668,-1
10120,51,212,0.0015,0.0005,100.0,518.67,643.37,1602.44,1432.71,14.62,21.61,552.73,2388.46,9226.6,1.3,48.09,520.36,2388.49,8288.26,8.5117,0.03,398,2388,100.0,38.72,23.0834,-1
10121,51,213,0.0014,0.0004,100.0,518.67,644.11,1606.6,1428.55,14.62,21.61,551.6,2388.56,9244.59,1.3,47.89,520.2,2388.54,8293.72,8.5306,0.03,397,2388,100.0,38.39,23.0958,-1
10324,52,203,-0.0003,0.0002,100.0,518.67,644.14,1602.23,1425.7,14.62,21.61,552.16,2388.18,9096.69,1.3,48.14,520.28,2388.2,8167.06,8.5385,0.03,395,2388,100.0,38.31,23.0691,-1
10327,52,206,0.0017,0.0005,100.0,518.67,643.82,1595.32,1427.64,14.62,21.61,551.14,2388.19,9103.17,1.3,48.29,519.85,2388.2,8172.94,8.5414,0.03,396,2388,100.0,38.32,23.1135,-1
10328,52,207,0.0027,0.0002,100.0,518.67,643.8,1606.58,1436.86,14.62,21.61,551.45,2388.21,9100.06,1.3,48.18,520.52,2388.2,8172.4,8.5298,0.03,396,2388,100.0,38.62,23.0372,-1
10330,52,209,-0.0004,-0.0001,100.0,518.67,643.61,1604.1,1429.91,14.62,21.61,551.25,2388.2,9107.12,1.3,48.2,519.68,2388.23,8176.82,8.5502,0.03,398,2388,100.0,38.45,22.9884,-1
10331,52,210,0.0016,-0.0004,100.0,518.67,643.45,1605.72,1427.91,14.62,21.61,551.25,2388.26,9106.14,1.3,48.05,519.87,2388.2,8179.78,8.5218,0.03,399,2388,100.0,38.33,23.0421,-1
10332,52,211,0.0019,-0.0,100.0,518.67,643.37,1606.32,1432.81,14.62,21.61,551.4,2388.22,9109.17,1.3,48.17,519.51,2388.21,8176.87,8.5256,0.03,396,2388,100.0,38.43,23.0116,-1
10333,52,212,-0.0037,-0.0002,100.0,518.67,644.29,1602.27,1421.12,14.62,21.61,551.24,2388.2,9115.67,1.3,48.2,519.92,2388.2,8177.88,8.4894,0.03,396,2388,100.0,38.41,23.1275,-1
10334,52,213,-0.0017,-0.0005,100.0,518.67,643.67,1601.99,1436.34,14.62,21.61,552.28,2388.18,9119.4,1.3,48.18,519.23,2388.21,8181.73,8.5159,0.03,397,2388,100.0,38.35,23.015,-1
10521,53,187,-0.0005,-0.0002,100.0,518.67,643.7,1600.45,1426.43,14.62,21.61,552.03,2388.16,9147.04,1.3,48.05,520.72,2388.16,8214.98,8.5172,0.03,395,2388,100.0,38.54,23.1469,-1
10522,53,188,-0.0014,0.0,100.0,518.67,643.43,1605.95,1419.71,14.62,21.61,551.93,2388.16,9148.21,1.3,47.97,520.59,2388.14,8218.62,8.4865,0.03,398,2388,100.0,38.47,23.1633,-1
10523,53,189,0.0016,-0.0005,100.0,518.67,644.12,1602.6,1429.04,14.62,21.61,551.78,2388.15,9150.57,1.3,48.09,520.21,2388.17,8220.41,8.5371,0.03,397,2388,100.0,38.29,23.1289,-1
10524,53,190,0.0021,-0.0002,100.0,518.67,643.94,1599.71,1421.84,14.62,21.61,552.22,2388.15,9151.86,1.3,48.02,520.16,2388.13,8222.04,8.5174,0.03,397,2388,100.0,38.45,23.0076,-1
10525,53,191,-0.0016,0.0003,100.0,518.67,644.16,1608.16,1424.87,14.62,21.61,551.84,2388.13,9160.31,1.3,48.02,519.99,2388.13,8228.95,8.5085,0.03,398,2388,100.0,38.56,23.1925,-1
10526,53,192,-0.0026,0.0004,100.0,518.67,643.24,1607.08,1429.98,14.62,21.61,551.39,2388.19,9159.26,1.3,48.15,519.8,2388.2,8225.39,8.5009,0.03,397,2388,100.0,38.44,23.1553,-1
10527,53,193,-0.0002,0.0002,100.0,518.67,643.48,1605.99,1431.6,14.62,21.61,552.04,2388.2,9163.48,1.3,48.07,520.61,2388.2,8230.55,8.5836,0.03,397,2388,100.0,38.25,23.0927,-1
10528,53,194,-0.0023,-0.0003,100.0,518.67,643.97,1605.24,1429.29,14.62,21.61,552.28,2388.18,9167.7,1.3,48.15,520.5,2388.12,8234.23,8.5116,0.03,396,2388,100.0,38.36,23.0233,-1
10529,53,195,-0.0001,-0.0004,100.0,518.67,644.18,1612.63,1423.19,14.62,21.61,552.53,2388.14,9162.47,1.3,48.18,519.68,2388.17,8230.96,8.5196,0.03,396,2388,100.0,38.32,23.0419,-1
10603,54,74,0.0017,-0.0004,100.0,518.67,642.13,1579.33,1402.04,14.62,21.6,554.93,2388.03,9071.25,1.3,47.13,521.69,2388.02,8133.34,8.4216,0.03,392,2388,100.0,38.92,23.422,-1
10778,54,249,-0.0012,0.0003,100.0,518.67,643.67,1602.33,1424.88,14.62,21.61,552.03,2388.15,9145.77,1.3,48.04,519.72,2388.19,8208.07,8.4857,0.03,397,2388,100.0,38.32,23.039,-1
10780,54,251,0.0017,0.0001,100.0,518.67,643.56,1601.33,1420.83,14.62,21.61,552.03,2388.14,9143.94,1.3,48.1,520.03,2388.19,8213.25,8.5129,0.03,397,2388,100.0,38.57,23.1984,-1
10781,54,252,0.0019,0.0004,100.0,518.67,643.21,1608.14,1425.75,14.62,21.61,551.65,2388.13,9148.74,1.3,48.03,520.5,2388.12,8210.57,8.5395,0.03,397,2388,100.0,38.34,22.9746,-1
10782,54,253,-0.0021,-0.0,100.0,518.67,643.18,1603.81,1425.78,14.62,21.61,551.59,2388.21,9143.34,1.3,48.07,520.64,2388.19,8209.78,8.5366,0.03,396,2388,100.0,38.54,23.0378,-1
10783,54,254,-0.0059,0.0004,100.0,518.67,643.88,1607.47,1426.06,14.62,21.61,551.88,2388.18,9145.76,1.3,48.07,519.81,2388.17,8212.51,8.5097,0.03,396,2388,100.0,38.46,23.1485,-1
10784,54,255,-0.0015,-0.0003,100.0,518.67,644.27,1608.6,1427.77,14.62,21.61,550.96,2388.11,9153.65,1.3,48.03,520.29,2388.17,8215.84,8.4924,0.03,398,2388,100.0,38.65,23.1079,-1
10785,54,256,-0.0001,0.0002,100.0,518.67,643.26,1603.84,1426.84,14.62,21.61,551.63,2388.18,9148.5,1.3,48.01,520.01,2388.14,8220.31,8.5171,0.03,397,2388,100.0,38.46,23.0356,-1
10786,54,257,-0.0009,-0.0003,100.0,518.67,643.8,1601.79,1433.26,14.62,21.61,551.37,2388.16,9155.85,1.3,48.15,519.57,2388.15,8220.23,8.5295,0.03,395,2388,100.0,38.3,23.05,-1
10963,55,177,0.0,-0.0003,100.0,518.67,643.07,1601.48,1421.75,14.62,21.61,552.79,2388.09,9145.61,1.3,48.07,521.39,2388.09,8210.21,8.4586,0.03,397,2388,100.0,38.61,23.1507,-1
10965,55,179,-0.0028,-0.0004,100.0,518.67,643.68,1604.72,1423.69,14.62,21.61,552.22,2388.13,9151.5,1.3,47.94,520.9,2388.15,8219.35,8.4868,0.03,394,2388,100.0,38.68,23.1158,-1
10966,55,180,-0.0037,0.0005,100.0,518.67,643.04,1602.17,1426.88,14.62,21.61,552.02,2388.08,9156.54,1.3,48.05,520.2,2388.13,8214.12,8.4855,0.03,397,2388,100.0,38.53,23.0755,-1
10967,55,181,0.0018,-0.0004,100.0,518.67,643.54,1605.78,1422.39,14.62,21.61,552.25,2388.13,9157.93,1.3,48.0,520.33,2388.12,8219.88,8.5119,0.03,397,2388,100.0,38.54,23.0392,-1
10968,55,182,0.001,-0.0001,100.0,518.67,643.61,1603.56,1426.26,14.62,21.61,552.13,2388.07,9155.03,1.3,48.07,520.87,2388.11,8209.49,8.5025,0.03,396,2388,100.0,38.61,23.2726,-1
10969,55,183,-0.0006,-0.0004,100.0,518.67,643.39,1602.98,1422.22,14.62,21.61,552.43,2388.13,9164.05,1.3,48.05,520.49,2388.11,8226.67,8.4886,0.03,397,2388,100.0,38.41,23.1429,-1
10970,55,184,-0.0037,0.0002,100.0,518.67,643.28,1594.2,1430.58,14.62,21.61,552.1,2388.12,9171.87,1.3,48.02,520.68,2388.17,8228.78,8.5087,0.03,396,2388,100.0,38.6,23.0658,-1
10971,55,185,-0.0036,0.0003,100.0,518.67,643.37,1596.77,1428.37,14.62,21.61,552.98,2388.13,9164.27,1.3,47.93,520.85,2388.1,8230.48,8.5296,0.03,397,2388,100.0,38.56,23.1223,-1
10972,55,186,0.0015,-0.0004,100.0,518.67,643.76,1597.46,1421.37,14.62,21.61,551.42,2388.15,9166.46,1.3,48.08,520.59,2388.14,8234.41,8.5535,0.03,396,2388,100.0,38.51,23.0703,-1
10973,55,187,0.0016,0.0003,100.0,518.67,643.85,1598.54,1427.47,14.62,21.61,552.04,2388.1,9179.24,1.3,47.94,520.51,2388.13,8238.27,8.4885,0.03,397,2388,100.0,38.66,23.0386,-1
10974,55,188,-0.0008,-0.0001,100.0,518.67,643.59,1601.81,1421.49,14.62,21.61,553.18,2388.12,9173.13,1.3,48.31,520.44,2388.23,8239.25,8.4851,0.03,396,2388,100.0,38.52,23.0339,-1
10975,55,189,-0.0023,-0.0001,100.0,518.67,643.64,1607.33,1433.9,14.62,21.61,552.37,2388.14,9182.51,1.3,48.12,520.38,2388.15,8241.7,8.5094,0.03,397,2388,100.0,38.58,23.1408,-1
10976,55,190,-0.0006,-0.0004,100.0,518.67,643.69,1604.96,1438.1,14.62,21.61,551.76,2388.18,9188.23,1.3,48.24,520.25,2388.19,8247.65,8.5474,0.03,398,2388,100.0,38.49,23.0235,-1
10977,55,191,0.0011,0.0,100.0,518.67,643.43,1602.96,1427.08,14.62,21.61,552.63,2388.13,9188.11,1.3,47.8,520.3,2388.11,8247.85,8.5371,0.03,396,2388,100.0,38.51,23.18,-1
10978,55,192,0.0007,-0.0,100.0,518.67,643.59,1600.12,1427.12,14.62,21.61,550.78,2388.17,9194.97,1.3,48.2,520.13,2388.14,8256.0,8.5137,0.03,395,2388,100.0,38.5,23.0127,-1
10979,55,193,0.0033,0.0,100.0,518.67,644.01,1605.12,1433.56,14.62,21.61,551.8,2388.14,9202.75,1.3,48.19,520.36,2388.16,8257.58,8.531,0.03,397,2388,100.0,38.49,23.1604,-1
11233,56,254,0.0026,0.0003,100.0,518.67,643.25,1595.48,1425.51,14.62,21.61,552.1,2388.17,9119.58,1.3,47.89,520.12,2388.18,8192.67,8.5227,0.03,397,2388,100.0,38.47,23.0065,-1
11237,56,258,-0.0013,-0.0002,100.0,518.67,643.34,1594.54,1434.16,14.62,21.61,552.37,2388.19,9123.2,1.3,47.9,520.55,2388.19,8199.24,8.4759,0.03,397,2388,100.0,38.57,23.0347,-1
11242,56,263,-0.0004,-0.0001,100.0,518.67,643.65,1597.26,1428.95,14.62,21.61,552.02,2388.11,9131.22,1.3,48.18,520.13,2388.14,8205.21,8.4927,0.03,396,2388,100.0,38.28,23.0459,-1
11243,56,264,0.0013,0.0002,100.0,518.67,643.87,1597.56,1424.46,14.62,21.61,552.04,2388.18,9133.13,1.3,47.98,520.29,2388.15,8203.44,8.5276,0.03,397,2388,100.0,38.39,23.2291,-1
11245,56,266,0.0011,0.0,100.0,518.67,643.25,1606.18,1429.13,14.62,21.61,552.37,2388.17,9138.16,1.3,48.04,520.17,2388.16,8203.21,8.5346,0.03,395,2388,100.0,38.52,23.0092,-1
11246,56,267,-0.0015,0.0003,100.0,518.67,643.39,1598.72,1427.59,14.62,21.61,552.03,2388.16,9138.73,1.3,48.09,519.94,2388.2,8212.33,8.5053,0.03,396,2388,100.0,38.42,23.1192,-1
11247,56,268,0.0022,0.0003,100.0,518.67,643.71,1593.67,1417.37,14.62,21.61,551.28,2388.17,9150.3,1.3,47.91,520.12,2388.22,8204.02,8.5005,0.03,397,2388,100.0,38.39,23.0396,-1
11248,56,269,0.0012,-0.0003,100.0,518.67,643.41,1602.31,1426.38,14.62,21.61,551.52,2388.17,9143.35,1.3,48.04,520.2,2388.18,8203.69,8.5215,0.03,396,2388,100.0,38.49,22.9305,-1
11249,56,270,0.0005,-0.0003,100.0,518.67,643.01,1609.22,1434.45,14.62,21.61,551.93,2388.16,9143.71,1.3,48.04,520.16,2388.15,8207.81,8.5323,0.03,397,2388,100.0,38.5,23.0339,-1
11250,56,271,0.0002,0.0001,100.0,518.67,643.79,1599.14,1431.03,14.62,21.61,551.48,2388.19,9149.52,1.3,48.14,519.85,2388.15,8204.72,8.5201,0.03,398,2388,100.0,38.49,23.029,-1
11251,56,272,0.0013,0.0002,100.0,518.67,643.44,1602.04,1436.92,14.62,21.61,552.32,2388.16,9153.6,1.3,48.0,519.69,2388.15,8210.46,8.5384,0.03,397,2388,100.0,38.56,23.0985,-1
11252,56,273,0.0014,0.0005,100.0,518.67,643.49,1601.45,1425.42,14.62,21.61,551.76,2388.23,9150.59,1.3,48.1,519.74,2388.2,8215.73,8.4896,0.03,398,2388,100.0,38.37,23.1312,-1
11253,56,274,-0.0017,-0.0002,100.0,518.67,643.53,1598.48,1430.65,14.62,21.61,551.6,2388.15,9154.78,1.3,48.0,519.92,2388.18,8212.77,8.546,0.03,397,2388,100.0,38.72,23.106,-1
11254,56,275,-0.0058,0.0001,100.0,518.67,644.09,1600.47,1427.24,14.62,21.61,551.44,2388.16,9145.5,1.3,48.16,519.87,2388.19,8217.25,8.5243,0.03,396,2388,100.0,38.27,23.0597,-1
11384,57,130,-0.0014,0.0002,100.0,518.67,643.41,1600.26,1420.7,14.62,21.61,552.04,2388.33,9037.55,1.3,48.0,519.95,2388.28,8108.87,8.5241,0.03,395,2388,100.0,38.42,23.2014,-1
11385,57,131,0.0008,0.0005,100.0,518.67,643.64,1593.38,1435.94,14.62,21.61,551.86,2388.29,9038.74,1.3,48.03,520.04,2388.27,8111.42,8.4988,0.03,396,2388,100.0,38.43,23.205,-1
11386,57,132,0.0026,-0.0005,100.0,518.67,643.19,1599.21,1425.07,14.62,21.61,551.14,2388.28,9036.16,1.3,48.17,519.77,2388.3,8112.13,8.5256,0.03,397,2388,100.0,38.41,23.0338,-1
11387,57,133,-0.0024,-0.0002,100.0,518.67,643.47,1605.28,1423.89,14.62,21.61,551.23,2388.3,9038.97,1.3,48.12,519.77,2388.29,8110.3,8.4876,0.03,395,2388,100.0,38.47,23.0866,-1
11388,57,134,0.0006,-0.0004,100.0,518.67,643.65,1597.0,1425.54,14.62,21.61,551.67,2388.31,9038.17,1.3,48.4,519.67,2388.29,8109.82,8.5187,0.03,396,2388,100.0,38.31,23.0414,-1
11389,57,135,-0.0023,0.0001,100.0,518.67,643.61,1604.87,1428.42,14.62,21.61,551.73,2388.32,9031.44,1.3,48.22,519.1,2388.32,8108.19,8.5308,0.03,396,2388,100.0,38.43,23.1252,-1
11390,57,136,-0.0022,-0.0005,100.0,518.67,643.79,1601.69,1430.32,14.62,21.61,551.12,2388.34,9035.03,1.3,48.37,518.94,2388.29,8108.52,8.5266,0.03,395,2388,100.0,38.18,23.1046,-1
11391,57,137,-0.0004,-0.0003,100.0,518.67,644.15,1596.45,1432.49,14.62,21.61,550.95,2388.32,9036.5,1.3,48.26,519.07,2388.28,8108.28,8.5533,0.03,394,2388,100.0,38.24,23.0412,-1
11530,58,139,0.002,-0.0003,100.0,518.67,643.03,1603.67,1420.72,14.62,21.61,551.22,2388.28,9043.83,1.3,48.07,519.78,2388.27,8122.59,8.4786,0.03,397,2388,100.0,38.65,23.1517,-1
11533,58,142,0.0015,0.0,100.0,518.67,643.04,1591.57,1428.33,14.62,21.61,551.81,2388.32,9046.59,1.3,48.11,519.98,2388.32,8124.79,8.4973,0.03,396,2388,100.0,38.29,23.0459,-1
11535,58,144,-0.0042,-0.0003,100.0,518.67,644.19,1597.88,1424.43,14.62,21.61,550.8,2388.31,9044.79,1.3,48.15,520.05,2388.27,8119.98,8.5146,0.03,397,2388,100.0,38.55,22.9495,-1
11536,58,145,0.0009,-0.0,100.0,518.67,644.02,1602.9,1436.66,14.62,21.61,551.06,2388.28,9048.86,1.3,48.17,519.55,2388.23,8122.8,8.5286,0.03,396,2388,100.0,38.32,23.0548,-1
11537,58,146,0.0042,0.0004,100.0,518.67,643.6,1604.72,1430.55,14.62,21.61,551.31,2388.34,9039.32,1.3,48.02,519.65,2388.26,8115.48,8.5056,0.03,396,2388,100.0,38.46,23.1961,-1
11538,58,147,-0.0028,0.0002,100.0,518.67,643.75,1593.77,1438.22,14.62,21.61,551.29,2388.28,9047.79,1.3,48.33,519.77,2388.33,8119.76,8.519,0.03,395,2388,100.0,38.29,23.185,-1
11556,59,18,0.0007,0.0003,100.0,518.67,642.66,1582.76,1401.69,14.62,21.6,554.44,2387.98,9055.75,1.3,47.09,522.85,2387.96,8137.83,8.4325,0.03,391,2388,100.0,39.1,23.4539,-1
11558,59,20,-0.0019,0.0005,100.0,518.67,642.3,1584.6,1396.49,14.62,21.6,554.45,2387.98,9052.58,1.3,47.06,522.53,2388.03,8139.59,8.4255,0.03,391,2388,100.0,39.25,23.5442,-1
11569,59,31,0.0015,-0.0003,100.0,518.67,642.0,1589.11,1395.91,14.62,21.6,554.56,2388.01,9058.0,1.3,47.09,522.53,2388.07,8143.7,8.381,0.03,391,2388,100.0,38.91,23.4557,-1
11572,59,34,0.0014,0.0005,100.0,518.67,642.08,1583.01,1392.14,14.62,21.6,554.48,2388.02,9061.14,1.3,47.1,522.31,2388.04,8134.0,8.4044,0.03,391,2388,100.0,39.1,23.4074,-1
11617,59,79,-0.0009,-0.0003,100.0,518.67,642.35,1585.13,1406.59,14.62,21.6,553.73,2388.02,9066.28,1.3,47.19,522.28,2387.99,8139.15,8.3441,0.03,389,2388,100.0,39.19,23.4185,-1
11621,59,83,0.0026,0.0002,100.0,518.67,642.43,1583.33,1397.74,14.62,21.6,554.23,2387.97,9056.27,1.3,47.29,522.54,2388.0,8139.35,8.3727,0.03,393,2388,100.0,39.09,23.418,-1
11766,59,228,-0.0,-0.0001,100.0,518.67,643.58,1599.79,1432.85,14.62,21.61,551.3,2388.22,9068.13,1.3,48.08,519.36,2388.2,8135.62,8.5353,0.03,396,2388,100.0,38.56,23.0203,-1
11767,59,229,0.0016,-0.0001,100.0,518.67,643.62,1602.36,1429.64,14.62,21.61,551.35,2388.22,9073.2,1.3,48.41,519.44,2388.26,8143.48,8.5208,0.03,396,2388,100.0,38.38,23.0154,-1
11768,59,230,-0.0016,-0.0004,100.0,518.67,643.93,1597.9,1429.54,14.62,21.61,551.33,2388.28,9066.11,1.3,48.14,518.99,2388.27,8138.19,8.5105,0.03,397,2388,100.0,38.51,23.0253,-1
11769,59,231,0.002,-0.0004,100.0,518.67,643.47,1599.56,1425.87,14.62,21.61,550.88,2388.28,9063.69,1.3,48.14,519.09,2388.24,8141.32,8.5155,0.03,395,2388,100.0,38.44,23.0258,-1
11933,60,164,-0.0006,0.0003,100.0,518.67,643.44,1600.31,1424.57,14.62,21.61,551.36,2388.16,9116.28,1.3,48.0,519.82,2388.16,8185.82,8.532,0.03,397,2388,100.0,38.5,23.113,-1
11936,60,167,0.0025,0.0001,100.0,518.67,643.25,1599.64,1431.86,14.62,21.61,551.67,2388.18,9127.94,1.3,47.91,520.02,2388.18,8197.31,8.5475,0.03,396,2388,100.0,38.44,23.0666,-1
11937,60,168,-0.0013,-0.0005,100.0,518.67,643.27,1605.39,1424.66,14.62,21.61,551.99,2388.19,9120.77,1.3,48.07,519.95,2388.18,8194.39,8.5478,0.03,394,2388,100.0,38.43,23.0102,-1
11938,60,169,-0.0002,-0.0005,100.0,518.67,643.0,1604.8,1427.89,14.62,21.61,551.78,2388.21,9132.96,1.3,47.96,519.55,2388.22,8201.01,8.5028,0.03,394,2388,100.0,38.4,23.0611,-1
11939,60,170,0.0038,-0.0004,100.0,518.67,643.52,1605.43,1428.3,14.62,21.61,552.02,2388.19,9131.61,1.3,48.26,520.38,2388.23,8201.18,8.5246,0.03,395,2388,100.0,38.56,23.0791,-1
11940,60,171,-0.0013,-0.0005,100.0,518.67,643.9,1599.63,1424.11,14.62,21.61,551.35,2388.17,9144.09,1.3,48.19,519.53,2388.17,8200.31,8.52,0.03,397,2388,100.0,38.41,23.0279,-1
11941,60,172,-0.0005,0.0004,100.0,518.67,643.62,1605.19,1434.09,14.62,21.61,551.21,2388.18,9141.47,1.3,48.04,520.44,2388.22,8205.47,8.5322,0.03,396,2388,100.0,38.23,22.954,-1
11951,61,10,-0.0011,-0.0004,100.0,518.67,642.0,1580.05,1391.52,14.62,21.61,554.61,2387.96,9059.7,1.3,46.95,522.99,2387.93,8146.36,8.38,0.03,390,2388,100.0,39.21,23.5685,-1
11952,61,11,-0.0037,-0.0004,100.0,518.67,642.05,1575.01,1401.0,14.62,21.6,554.23,2387.97,9056.57,1.3,47.01,523.0,2388.03,8140.96,8.3805,0.03,392,2388,100.0,38.96,23.3606,-1
11971,61,30,0.0001,0.0001,100.0,518.67,642.08,1585.37,1401.37,14.62,21.6,554.43,2388.01,9063.39,1.3,47.05,522.98,2388.01,8151.15,8.3939,0.03,392,2388,100.0,38.96,23.4509,-1
11975,61,34,-0.0042,-0.0002,100.0,518.67,641.99,1584.07,1403.92,14.62,21.6,554.38,2388.0,9065.63,1.3,47.15,522.54,2387.96,8141.86,8.4201,0.03,390,2388,100.0,39.11,23.4399,-1
11981,61,40,-0.0035,-0.0002,100.0,518.67,641.85,1583.34,1400.9,14.62,21.6,554.79,2387.93,9060.33,1.3,47.02,522.32,2387.97,8146.48,8.3994,0.03,393,2388,100.0,39.08,23.3248,-1
11996,61,55,0.0019,-0.0005,100.0,518.67,641.72,1585.31,1398.49,14.62,21.6,555.09,2387.98,9058.83,1.3,47.09,522.33,2388.04,8143.65,8.4087,0.03,391,2388,100.0,38.92,23.425,-1
12000,61,59,0.0005,0.0,100.0,518.67,641.83,1578.49,1399.7,14.62,21.6,554.14,2388.03,9060.23,1.3,47.28,522.14,2387.99,8139.62,8.376,0.03,393,2388,100.0,39.1,23.372,-1
12004,61,63,0.0025,0.0003,100.0,518.67,642.33,1578.93,1394.74,14.62,21.6,555.39,2388.03,9055.95,1.3,47.17,522.47,2388.0,8142.41,8.3907,0.03,392,2388,100.0,38.92,23.3971,-1
12006,61,65,-0.0005,0.0004,100.0,518.67,641.92,1593.04,1400.82,14.62,21.6,554.8,2388.01,9060.45,1.3,47.05,522.58,2388.02,8146.9,8.3848,0.03,391,2388,100.0,39.13,23.4534,-1
12024,61,83,-0.0014,-0.0003,100.0,518.67,642.04,1583.72,1397.8,14.62,21.6,555.02,2388.04,9061.62,1.3,47.11,521.92,2388.02,8140.37,8.4119,0.03,392,2388,100.0,39.05,23.4335,-1
12117,61,176,0.0,-0.0003,100.0,518.67,643.43,1596.56,1431.19,14.62,21.61,551.45,2388.27,9042.44,1.3,48.16,519.8,2388.28,8116.74,8.5378,0.03,396,2388,100.0,38.52,23.1043,-1
12119,61,178,-0.0066,0.0001,100.0,518.67,643.61,1595.91,1420.18,14.62,21.61,551.92,2388.27,9036.28,1.3,47.95,519.76,2388.3,8115.33,8.461,0.03,396,2388,100.0,38.58,23.1987,-1
12120,61,179,-0.0006,0.0003,100.0,518.67,643.28,1598.9,1428.14,14.62,21.61,550.75,2388.28,9041.05,1.3,48.19,519.7,2388.26,8113.12,8.4991,0.03,395,2388,100.0,38.66,23.0977,-1
12121,61,180,-0.0009,-0.0004,100.0,518.67,643.52,1599.75,1421.91,14.62,21.61,550.73,2388.27,9043.28,1.3,48.02,519.33,2388.36,8113.01,8.5139,0.03,394,2388,100.0,38.45,23.004,-1
12122,61,181,0.001,-0.0005,100.0,518.67,643.78,1604.19,1420.72,14.62,21.61,552.09,2388.3,9044.23,1.3,48.1,519.44,2388.23,8113.37,8.5026,0.03,395,2388,100.0,38.46,23.1098,-1
12123,61,182,0.0018,0.0003,100.0,518.67,644.06,1606.3,1430.19,14.62,21.61,551.3,2388.3,9038.76,1.3,48.19,519.72,2388.33,8116.31,8.5286,0.03,396,2388,100.0,38.6,22.9853,-1
12124,61,183,0.0014,0.0,100.0,518.67,643.48,1609.91,1423.4,14.62,21.61,551.48,2388.28,9034.33,1.3,48.21,519.65,2388.31,8113.64,8.5365,0.03,395,2388,100.0,38.55,23.1324,-1
12125,61,184,0.0009,-0.0005,100.0,518.67,643.93,1596.35,1425.73,14.62,21.61,551.31,2388.26,9038.33,1.3,48.25,519.62,2388.32,8111.09,8.5217,0.03,396,2388,100.0,38.53,23.1414,-1
12126,61,185,-0.0049,0.0,100.0,518.67,643.39,1604.83,1426.0,14.62,21.61,551.12,2388.26,9038.93,1.3,48.23,519.82,2388.27,8109.39,8.519,0.03,397,2388,100.0,38.34,22.984,-1
12294,62,168,0.0011,0.0002,100.0,518.67,643.27,1601.12,1424.28,14.62,21.61,552.38,2388.32,9044.7,1.3,47.87,519.51,2388.29,8121.97,8.4991,0.03,397,2388,100.0,38.47,23.0546,-1
12295,62,169,-0.0025,0.0001,100.0,518.67,642.75,1607.03,1420.12,14.62,21.61,551.76,2388.31,9044.8,1.3,48.25,520.12,2388.28,8120.26,8.5283,0.03,395,2388,100.0,38.52,23.0111,-1
12296,62,170,0.0021,0.0003,100.0,518.67,643.72,1598.12,1425.68,14.62,21.61,551.62,2388.31,9045.19,1.3,48.29,520.07,2388.33,8120.27,8.5269,0.03,396,2388,100.0,38.46,23.0544,-1
12297,62,171,-0.0019,0.0004,100.0,518.67,643.44,1599.43,1424.08,14.62,21.61,552.14,2388.25,9050.31,1.3,48.21,520.26,2388.21,8126.35,8.5255,0.03,394,2388,100.0,38.39,23.0042,-1
12298,62,172,-0.001,-0.0003,100.0,518.67,643.78,1601.16,1423.58,14.62,21.61,552.07,2388.31,9049.98,1.3,48.04,519.63,2388.28,8127.36,8.5055,0.03,395,2388,100.0,38.41,23.0184,-1
12299,62,173,-0.0001,-0.0004,100.0,518.67,643.67,1601.42,1431.48,14.62,21.61,552.49,2388.29,9045.5,1.3,48.12,519.87,2388.31,8116.93,8.5266,0.03,395,2388,100.0,38.48,23.1565,-1
12300,62,174,-0.0011,0.0006,100.0,518.67,643.51,1601.38,1425.56,14.62,21.61,551.09,2388.31,9047.5,1.3,48.06,519.49,2388.32,8118.4,8.5124,0.03,395,2388,100.0,38.5,23.0207,-1
12301,62,175,-0.0005,-0.0004,100.0,518.67,643.23,1598.92,1429.41,14.62,21.61,551.33,2388.26,9050.64,1.3,48.26,519.81,2388.29,8118.85,8.5292,0.03,397,2388,100.0,38.45,22.9532,-1
12302,62,176,0.0026,-0.0002,100.0,518.67,643.37,1600.36,1432.64,14.62,21.61,551.45,2388.3,9043.24,1.3,48.01,520.05,2388.29,8116.48,8.5216,0.03,394,2388,100.0,38.3,23.0983,-1
12305,62,179,0.003,-0.0002,100.0,518.67,643.54,1603.55,1423.67,14.62,21.61,550.96,2388.28,9043.93,1.3,48.27,519.84,2388.37,8119.37,8.5452,0.03,395,2388,100.0,38.64,23.0212,-1
12306,62,180,-0.0026,-0.0002,100.0,518.67,643.49,1595.1,1427.51,14.62,21.61,551.09,2388.28,9037.02,1.3,48.16,519.68,2388.31,8123.28,8.5442,0.03,396,2388,100.0,38.35,23.0042,-1
12469,63,163,-0.0007,-0.0001,100.0,518.67,643.39,1604.5,1418.66,14.62,21.61,551.81,2388.1,9145.05,1.3,48.03,520.56,2388.09,8208.25,8.481,0.03,397,2388,100.0,38.48,23.0691,-1
12470,63,164,-0.0001,-0.0004,100.0,518.67,643.98,1594.28,1419.49,14.62,21.61,552.34,2388.19,9148.57,1.3,47.83,520.64,2388.11,8216.48,8.5034,0.03,396,2388,100.0,38.7,23.279,-1
12471,63,165,-0.0031,0.0001,100.0,518.67,643.11,1602.24,1431.99,14.62,21.61,551.34,2388.09,9146.53,1.3,47.93,520.33,2388.14,8216.44,8.5004,0.03,397,2388,100.0,38.61,23.1844,-1
12472,63,166,-0.0008,0.0003,100.0,518.67,643.73,1600.61,1420.36,14.62,21.61,552.16,2388.15,9147.86,1.3,47.83,519.97,2388.18,8220.55,8.537,0.03,396,2388,100.0,38.43,23.0615,-1
12473,63,167,0.0033,-0.0001,100.0,518.67,643.86,1603.43,1421.77,14.62,21.61,552.17,2388.14,9157.66,1.3,47.96,520.34,2388.15,8227.73,8.5279,0.03,394,2388,100.0,38.45,23.0684,-1
12474,63,168,0.0,-0.0002,100.0,518.67,643.82,1607.15,1427.47,14.62,21.61,552.5,2388.13,9159.54,1.3,47.9,520.48,2388.13,8224.33,8.5061,0.03,396,2388,100.0,38.46,23.1303,-1
12475,63,169,-0.0025,0.0003,100.0,518.67,643.06,1599.04,1426.49,14.62,21.61,552.1,2388.19,9162.08,1.3,48.17,520.64,2388.15,8222.39,8.5356,0.03,396,2388,100.0,38.38,23.0888,-1
12476,63,170,-0.0003,-0.0002,100.0,518.67,643.4,1609.06,1426.65,14.62,21.61,551.95,2388.12,9165.91,1.3,48.12,519.67,2388.12,8228.9,8.4922,0.03,397,2388,100.0,38.48,23.0079,-1
12477,63,171,0.0013,-0.0001,100.0,518.67,643.52,1599.89,1436.27,14.62,21.61,552.11,2388.21,9172.45,1.3,48.02,520.16,2388.13,8229.8,8.5109,0.03,397,2388,100.0,38.5,23.059,-1
12478,63,172,-0.0037,-0.0004,100.0,518.67,643.24,1604.96,1426.43,14.62,21.61,551.23,2388.22,9167.75,1.3,48.17,520.47,2388.15,8235.13,8.5118,0.03,397,2388,100.0,38.38,22.9498,-1
12479,63,173,-0.0023,-0.0003,100.0,518.67,643.86,1605.08,1432.1,14.62,21.61,551.54,2388.22,9172.54,1.3,48.28,519.97,2388.14,8240.39,8.5099,0.03,398,2388,100.0,38.4,22.9874,-1
12480,63,174,-0.0007,-0.0003,100.0,518.67,643.43,1603.87,1424.72,14.62,21.61,551.7,2388.16,9175.01,1.3,48.21,520.16,2388.16,8239.45,8.5265,0.03,397,2388,100.0,38.31,23.2228,-1
12751,64,271,-0.0015,0.0003,100.0,518.67,643.07,1602.53,1430.37,14.62,21.61,551.02,2388.15,9099.46,1.3,48.19,519.79,2388.21,8168.61,8.5376,0.03,396,2388,100.0,38.39,23.0373,-1
12753,64,273,0.0009,0.0002,100.0,518.67,643.61,1604.23,1427.56,14.62,21.61,552.4,2388.17,9095.13,1.3,48.17,519.66,2388.2,8168.17,8.521,0.03,397,2388,100.0,38.31,23.1182,-1
12757,64,277,0.0031,0.0001,100.0,518.67,643.93,1608.81,1427.23,14.62,21.61,551.56,2388.22,9097.71,1.3,48.26,519.99,2388.19,8172.33,8.5279,0.03,395,2388,100.0,38.45,23.0162,-1
12758,64,278,-0.002,0.0004,100.0,518.67,643.73,1604.42,1436.14,14.62,21.61,551.71,2388.22,9102.34,1.3,48.09,519.63,2388.22,8170.0,8.5054,0.03,397,2388,100.0,38.4,23.1366,-1
12759,64,279,0.0007,0.0002,100.0,518.67,643.63,1606.92,1437.98,14.62,21.61,551.94,2388.19,9109.27,1.3,48.09,519.15,2388.2,8177.66,8.5338,0.03,396,2388,100.0,38.54,23.1942,-1
12760,64,280,-0.0013,-0.0004,100.0,518.67,643.66,1607.07,1428.08,14.62,21.61,552.31,2388.29,9099.97,1.3,48.06,520.11,2388.27,8175.6,8.5413,0.03,396,2388,100.0,38.3,23.0323,-1
12761,64,281,-0.0,0.0004,100.0,518.67,643.75,1607.98,1430.33,14.62,21.61,551.42,2388.25,9102.81,1.3,48.05,519.95,2388.22,8177.78,8.5252,0.03,395,2388,100.0,38.44,23.072,-1
12762,64,282,-0.0028,-0.0004,100.0,518.67,643.76,1606.06,1426.12,14.62,21.61,551.41,2388.21,9106.18,1.3,48.26,519.81,2388.19,8172.79,8.5396,0.03,397,2388,100.0,38.51,23.052,-1
12763,64,283,0.002,-0.0001,100.0,518.67,643.88,1605.47,1425.77,14.62,21.61,550.6,2388.17,9111.28,1.3,48.15,519.54,2388.22,8181.59,8.5458,0.03,397,2388,100.0,38.45,23.1041,-1
12789,65,26,-0.0043,-0.0003,100.0,518.67,641.76,1580.05,1396.15,14.62,21.6,553.84,2387.98,9064.38,1.3,47.25,522.29,2388.01,8139.04,8.3656,0.03,391,2388,100.0,39.0,23.4348,-1
12912,65,149,-0.0002,0.0,100.0,518.67,643.33,1605.33,1428.48,14.62,21.61,550.57,2388.27,9037.18,1.3,48.21,520.37,2388.33,8117.6,8.5306,0.03,396,2388,100.0,38.48,23.1331,-1
12913,65,150,0.0017,0.0004,100.0,518.67,643.59,1593.13,1428.51,14.62,21.61,550.94,2388.27,9045.59,1.3,47.99,520.07,2388.32,8113.95,8.5321,0.03,395,2388,100.0,38.47,23.1119,-1
12914,65,151,-0.0016,-0.0004,100.0,518.67,643.01,1602.05,1427.38,14.62,21.61,551.12,2388.32,9042.14,1.3,48.25,519.67,2388.28,8111.41,8.5206,0.03,396,2388,100.0,38.39,23.0744,-1
12915,65,152,-0.0014,0.0003,100.0,518.67,643.95,1602.77,1426.13,14.62,21.61,551.38,2388.29,9040.12,1.3,48.2,519.53,2388.3,8112.12,8.5036,0.03,395,2388,100.0,38.61,23.1309,-1
12916,65,153,0.0021,-0.0001,100.0,518.67,643.95,1592.45,1432.83,14.62,21.61,551.19,2388.28,9030.23,1.3,48.08,519.73,2388.34,8109.49,8.5197,0.03,396,2388,100.0,38.37,23.1362,-1
13110,66,194,0.0019,-0.0,100.0,518.67,642.98,1597.2,1429.25,14.62,21.61,551.57,2388.24,9078.85,1.3,48.17,520.3,2388.18,8159.04,8.5307,0.03,397,2388,100.0,38.31,22.9917,-1
13113,66,197,-0.0008,-0.0003,100.0,518.67,643.24,1602.18,1434.96,14.62,21.61,551.35,2388.28,9078.31,1.3,48.28,519.82,2388.23,8147.11,8.5088,0.03,397,2388,100.0,38.54,23.1617,-1
13115,66,199,0.0002,0.0004,100.0,518.67,643.43,1605.43,1430.21,14.62,21.61,551.22,2388.23,9078.0,1.3,48.15,519.89,2388.25,8142.39,8.4984,0.03,397,2388,100.0,38.52,23.0267,-1
13116,66,200,-0.0014,-0.0003,100.0,518.67,643.66,1595.1,1431.68,14.62,21.61,551.1,2388.16,9077.16,1.3,48.13,519.5,2388.26,8147.47,8.5277,0.03,395,2388,100.0,38.46,23.0516,-1
13117,66,201,-0.0011,0.0003,100.0,518.67,643.02,1599.4,1429.37,14.62,21.61,551.13,2388.29,9074.71,1.3,48.31,519.56,2388.23,8148.76,8.5424,0.03,395,2388,100.0,38.42,22.9784,-1
13118,66,202,-0.0038,0.0004,100.0,518.67,643.88,1607.66,1429.38,14.62,21.61,551.53,2388.23,9071.25,1.3,48.19,519.38,2388.25,8147.9,8.5382,0.03,396,2388,100.0,38.38,23.1412,-1
13422,67,304,0.003,-0.0001,100.0,518.67,644.14,1598.36,1426.61,14.62,21.61,552.31,2388.23,9077.61,1.3,48.26,519.68,2388.19,8147.76,8.5339,0.03,396,2388,100.0,38.37,23.071,-1
13426,67,308,-0.0015,0.0004,100.0,518.67,643.72,1603.45,1429.87,14.62,21.61,550.48,2388.27,9081.02,1.3,48.02,520.24,2388.26,8148.52,8.4953,0.03,396,2388,100.0,38.65,23.0674,-1
13427,67,309,-0.0002,0.0001,100.0,518.67,643.64,1596.88,1426.89,14.62,21.61,551.1,2388.26,9072.93,1.3,48.18,519.52,2388.3,8146.97,8.5246,0.03,397,2388,100.0,38.52,23.0712,-1
13428,67,310,0.002,0.0003,100.0,518.67,643.17,1606.73,1436.56,14.62,21.61,550.92,2388.25,9069.83,1.3,48.18,520.18,2388.2,8150.97,8.4953,0.03,394,2388,100.0,38.52,23.0628,-1
13430,67,312,-0.001,-0.0002,100.0,518.67,643.4,1599.47,1434.77,14.62,21.61,551.29,2388.22,9077.67,1.3,48.17,520.07,2388.28,8147.69,8.5342,0.03,396,2388,100.0,38.44,23.1478,-1
13431,67,313,0.0009,-0.0003,100.0,518.67,643.57,1599.78,1424.96,14.62,21.61,551.3,2388.29,9074.14,1.3,48.28,520.29,2388.21,8146.04,8.5668,0.03,397,2388,100.0,38.45,23.1288,-1
13618,68,187,-0.001,0.0004,100.0,518.67,643.94,1608.22,1420.22,14.62,21.61,551.99,2388.16,9143.25,1.3,47.9,520.9,2388.1,8207.12,8.4587,0.03,394,2388,100.0,38.46,23.0604,-1
13619,68,188,-0.0033,0.0001,100.0,518.67,643.73,1603.63,1433.65,14.62,21.61,551.99,2388.13,9138.64,1.3,48.07,520.5,2388.17,8209.39,8.5214,0.03,396,2388,100.0,38.43,23.2017,-1
13620,68,189,0.0031,-0.0002,100.0,518.67,643.85,1607.81,1421.73,14.62,21.61,552.24,2388.14,9139.01,1.3,48.14,520.69,2388.07,8206.12,8.4776,0.03,395,2388,100.0,38.36,23.1627,-1
13622,68,191,0.0015,-0.0002,100.0,518.67,643.57,1606.71,1421.81,14.62,21.61,552.1,2388.12,9147.27,1.3,47.99,520.06,2388.14,8214.13,8.5127,0.03,398,2388,100.0,38.61,23.0998,-1
13623,68,192,-0.0003,-0.0004,100.0,518.67,643.36,1597.02,1432.07,14.62,21.61,551.68,2388.1,9138.57,1.3,47.81,520.66,2388.18,8208.49,8.4559,0.03,395,2388,100.0,38.54,22.9872,-1
13625,68,194,-0.0024,-0.0004,100.0,518.67,643.4,1604.79,1430.98,14.62,21.61,552.23,2388.16,9149.24,1.3,48.13,520.42,2388.19,8213.49,8.5249,0.03,397,2388,100.0,38.33,23.0805,-1
13626,68,195,-0.0014,-0.0,100.0,518.67,643.49,1602.36,1423.14,14.62,21.61,552.14,2388.15,9163.16,1.3,48.07,520.48,2388.14,8217.95,8.5257,0.03,396,2388,100.0,38.29,23.0226,-1
13627,68,196,-0.0017,-0.0005,100.0,518.67,643.74,1604.93,1428.54,14.62,21.61,551.85,2388.15,9154.59,1.3,48.12,520.43,2388.11,8221.66,8.5285,0.03,398,2388,100.0,38.33,23.1495,-1
13628,68,197,0.0018,-0.0002,100.0,518.67,643.83,1593.46,1427.03,14.62,21.61,551.44,2388.17,9156.8,1.3,48.41,520.2,2388.18,8221.9,8.4921,0.03,397,2388,100.0,38.36,23.095,-1
13629,68,198,-0.0017,0.0001,100.0,518.67,643.88,1614.72,1428.79,14.62,21.61,552.04,2388.27,9161.2,1.3,48.16,519.98,2388.18,8226.67,8.5263,0.03,396,2388,100.0,38.44,23.08,-1
13630,68,199,-0.0037,-0.0004,100.0,518.67,643.88,1609.59,1430.17,14.62,21.61,551.47,2388.2,9158.41,1.3,48.16,519.72,2388.14,8226.34,8.5196,0.03,395,2388,100.0,38.4,23.0888,-1
13970,69,340,-0.0047,-0.0001,100.0,518.67,643.45,1589.69,1422.42,14.62,21.61,551.01,2388.26,9059.05,1.3,48.16,519.87,2388.33,8128.67,8.4924,0.03,397,2388,100.0,38.49,23.0744,-1
13975,69,345,0.0003,0.0002,100.0,518.67,643.97,1607.97,1426.21,14.62,21.61,551.35,2388.28,9059.46,1.3,48.08,519.47,2388.2,8128.13,8.5109,0.03,397,2388,100.0,38.59,23.1089,-1
13978,69,348,0.0006,-0.0003,100.0,518.67,643.45,1599.49,1427.13,14.62,21.61,551.18,2388.29,9045.07,1.3,48.23,520.11,2388.24,8132.81,8.5353,0.03,395,2388,100.0,38.45,23.1088,-1
13981,69,351,-0.0013,-0.0,100.0,518.67,643.18,1595.07,1433.34,14.62,21.61,551.12,2388.26,9052.0,1.3,48.25,519.75,2388.26,8134.02,8.5193,0.03,396,2388,100.0,38.42,23.1454,-1
13984,69,354,0.0015,0.0001,100.0,518.67,643.66,1606.28,1430.15,14.62,21.61,550.34,2388.25,9057.35,1.3,48.16,519.84,2388.21,8134.22,8.5193,0.03,394,2388,100.0,38.3,23.0443,-1
13986,69,356,0.0021,-0.0,100.0,518.67,643.19,1605.11,1428.43,14.62,21.61,551.02,2388.25,9056.07,1.3,48.12,519.85,2388.27,8133.55,8.5208,0.03,396,2388,100.0,38.43,23.0768,-1
13987,69,357,0.0006,0.0002,100.0,518.67,643.86,1601.8,1428.18,14.62,21.61,550.53,2388.25,9062.01,1.3,48.3,519.58,2388.26,8128.06,8.5572,0.03,396,2388,100.0,38.56,23.1233,-1
13988,69,358,0.004,-0.0002,100.0,518.67,643.74,1609.53,1428.26,14.62,21.61,551.6,2388.2,9053.75,1.3,48.28,520.31,2388.26,8129.59,8.546,0.03,397,2388,100.0,38.53,23.0549,-1
13989,69,359,0.0013,0.0003,100.0,518.67,643.46,1603.83,1429.82,14.62,21.61,551.62,2388.28,9056.81,1.3,48.13,519.86,2388.27,8131.2,8.5116,0.03,396,2388,100.0,38.28,23.061,-1
13990,69,360,0.0004,-0.0001,100.0,518.67,643.97,1597.75,1428.85,14.62,21.61,551.32,2388.31,9058.88,1.3,48.14,518.69,2388.26,8126.63,8.5059,0.03,396,2388,100.0,38.47,23.0422,-1
13991,69,361,0.0016,-0.0002,100.0,518.67,643.65,1603.5,1433.95,14.62,21.61,551.13,2388.29,9055.52,1.3,48.09,520.48,2388.32,8132.97,8.527,0.03,396,2388,100.0,38.52,23.1208,-1
13992,69,362,0.0007,-0.0,100.0,518.67,643.75,1598.16,1428.28,14.62,21.61,551.55,2388.31,9054.19,1.3,48.02,519.12,2388.33,8124.27,8.5126,0.03,397,2388,100.0,38.42,22.9782,-1
14125,70,133,-0.0015,-0.0001,100.0,518.67,644.1,1601.31,1430.27,14.62,21.61,551.49,2388.22,9095.9,1.3,47.99,519.83,2388.23,8167.97,8.4984,0.03,396,2388,100.0,38.41,23.1364,-1
14126,70,134,-0.0012,-0.0004,100.0,518.67,644.09,1605.88,1430.21,14.62,21.61,551.7,2388.18,9101.06,1.3,48.07,519.38,2388.18,8172.19,8.5328,0.03,397,2388,100.0,38.28,23.0637,-1
14128,70,136,-0.0044,0.0,100.0,518.67,643.79,1601.3,1427.36,14.62,21.61,551.32,2388.22,9100.74,1.3,48.21,519.77,2388.25,8165.57,8.5529,0.03,398,2388,100.0,38.24,23.0289,-1
14129,70,137,0.0014,-0.0,100.0,518.67,643.39,1602.76,1434.81,14.62,21.61,551.64,2388.17,9106.12,1.3,48.16,519.6,2388.25,8173.73,8.5312,0.03,396,2388,100.0,38.49,23.1398,-1
14320,71,191,0.0018,0.0004,100.0,518.67,643.4,1604.75,1425.08,14.62,21.61,552.46,2388.08,9129.01,1.3,48.1,520.26,2388.17,8192.52,8.4953,0.03,393,2388,100.0,38.53,22.9802,-1
14325,71,196,0.0031,-0.0001,100.0,518.67,643.13,1602.81,1430.38,14.62,21.61,551.74,2388.16,9131.38,1.3,48.03,520.97,2388.15,8195.6,8.5263,0.03,395,2388,100.0,38.34,23.1632,-1
14328,71,199,0.0017,-0.0003,100.0,518.67,643.98,1600.76,1419.82,14.62,21.61,552.32,2388.18,9129.71,1.3,47.82,519.88,2388.16,8203.71,8.5026,0.03,397,2388,100.0,38.67,23.1232,-1
14329,71,200,-0.001,-0.0003,100.0,518.67,643.3,1597.91,1428.16,14.62,21.61,551.26,2388.12,9133.79,1.3,48.02,520.18,2388.12,8205.36,8.4954,0.03,396,2388,100.0,38.5,23.0115,-1
14330,71,201,-0.0024,0.0004,100.0,518.67,643.42,1605.53,1432.89,14.62,21.61,551.62,2388.1,9137.97,1.3,47.99,520.27,2388.16,8210.04,8.492,0.03,397,2388,100.0,38.45,23.0096,-1
14331,71,202,-0.0009,0.0005,100.0,518.67,643.44,1600.22,1425.72,14.62,21.61,552.05,2388.13,9139.95,1.3,47.86,520.39,2388.15,8207.53,8.5349,0.03,397,2388,100.0,38.38,23.0195,-1
14332,71,203,-0.0046,-0.0003,100.0,518.67,643.66,1596.68,1432.54,14.62,21.61,551.64,2388.13,9144.24,1.3,48.14,520.51,2388.14,8212.41,8.5438,0.03,397,2388,100.0,38.63,23.0642,-1
14333,71,204,-0.0039,0.0,100.0,518.67,643.24,1603.25,1432.07,14.62,21.61,552.01,2388.16,9151.93,1.3,48.09,520.69,2388.14,8216.3,8.5034,0.03,396,2388,100.0,38.67,23.0836,-1
14334,71,205,-0.0005,0.0005,100.0,518.67,644.0,1605.32,1421.45,14.62,21.61,551.55,2388.12,9144.82,1.3,48.1,520.46,2388.17,8214.77,8.5016,0.03,396,2388,100.0,38.51,23.158,-1
14335,71,206,-0.0038,0.0003,100.0,518.67,643.5,1602.49,1436.86,14.62,21.61,551.63,2388.15,9155.36,1.3,48.15,520.27,2388.16,8215.87,8.5348,0.03,396,2388,100.0,38.39,23.1234,-1
14336,71,207,0.0065,0.0,100.0,518.67,643.4,1597.16,1428.89,14.62,21.61,551.56,2388.14,9160.49,1.3,48.22,520.31,2388.18,8213.44,8.5581,0.03,397,2388,100.0,38.33,23.0916,-1
14337,71,208,0.0012,0.0002,100.0,518.67,643.57,1599.94,1437.81,14.62,21.61,551.45,2388.18,9153.73,1.3,48.02,520.04,2388.19,8225.07,8.5197,0.03,397,2388,100.0,38.25,22.9967,-1
14533,72,196,0.0016,0.0002,100.0,518.67,643.47,1600.41,1431.82,14.62,21.61,551.87,2388.24,9039.99,1.3,48.13,519.86,2388.26,8111.06,8.5309,0.03,394,2388,100.0,38.56,23.1307,-1
14537,72,200,-0.0007,0.0001,100.0,518.67,643.4,1598.37,1425.56,14.62,21.61,551.97,2388.28,9037.16,1.3,48.11,519.54,2388.3,8113.17,8.4741,0.03,395,2388,100.0,38.54,23.0704,-1
14540,72,203,0.0032,0.0005,100.0,518.67,643.5,1597.42,1430.48,14.62,21.61,551.85,2388.24,9030.09,1.3,48.08,519.75,2388.23,8108.0,8.5218,0.03,397,2388,100.0,38.4,23.1053,-1
14541,72,204,0.0012,0.0005,100.0,518.67,643.33,1598.5,1430.08,14.62,21.61,551.13,2388.29,9028.64,1.3,47.92,519.32,2388.26,8108.91,8.5212,0.03,395,2388,100.0,38.48,23.0454,-1
14543,72,206,0.0004,-0.0001,100.0,518.67,642.99,1601.84,1427.06,14.62,21.61,551.13,2388.29,9031.29,1.3,47.98,520.06,2388.28,8105.22,8.5162,0.03,397,2388,100.0,38.41,23.0915,-1
14544,72,207,0.002,-0.0001,100.0,518.67,643.66,1606.65,1433.07,14.62,21.61,550.78,2388.34,9024.27,1.3,48.26,519.44,2388.32,8099.94,8.5239,0.03,397,2388,100.0,38.46,22.9674,-1
14545,72,208,-0.0048,-0.0002,100.0,518.67,642.96,1600.45,1424.75,14.62,21.61,552.18,2388.3,9030.67,1.3,48.14,520.18,2388.29,8105.32,8.5017,0.03,395,2388,100.0,38.44,23.1472,-1
14546,72,209,-0.0002,-0.0003,100.0,518.67,644.31,1598.38,1430.17,14.62,21.61,551.68,2388.34,9026.17,1.3,48.23,519.86,2388.26,8104.82,8.5523,0.03,397,2388,100.0,38.44,23.0791,-1
14547,72,210,-0.0,-0.0002,100.0,518.67,643.3,1605.5,1428.53,14.62,21.61,551.91,2388.29,9029.88,1.3,48.23,519.45,2388.3,8103.77,8.5114,0.03,396,2388,100.0,38.39,23.0848,-1
14548,72,211,0.0011,0.0002,100.0,518.67,643.72,1600.33,1429.09,14.62,21.61,550.63,2388.34,9034.75,1.3,48.15,519.62,2388.33,8103.98,8.5147,0.03,394,2388,100.0,38.51,23.0211,-1
14549,72,212,0.0,0.0001,100.0,518.67,643.9,1598.73,1436.24,14.62,21.61,550.68,2388.3,9028.24,1.3,48.1,520.18,2388.3,8101.49,8.5229,0.03,395,2388,100.0,38.45,23.0712,-1
14550,72,213,0.0007,-0.0003,100.0,518.67,643.91,1597.72,1427.84,14.62,21.61,550.89,2388.32,9033.07,1.3,48.17,519.48,2388.36,8103.27,8.5519,0.03,395,2388,100.0,38.46,23.1649,-1
14740,73,190,-0.0028,-0.0002,100.0,518.67,643.91,1602.23,1419.2,14.62,21.61,551.71,2388.28,9044.62,1.3,47.93,520.07,2388.29,8122.26,8.4507,0.03,394,2388,100.0,38.55,23.131,-1
14743,73,193,0.0048,-0.0001,100.0,518.67,642.93,1601.41,1429.78,14.62,21.61,552.08,2388.27,9042.72,1.3,48.14,519.84,2388.32,8115.7,8.5212,0.03,396,2388,100.0,38.55,23.1427,-1
14745,73,195,-0.0021,-0.0002,100.0,518.67,642.98,1594.79,1419.89,14.62,21.61,551.97,2388.29,9047.06,1.3,48.09,520.08,2388.3,8117.24,8.527,0.03,394,2388,100.0,38.46,23.1492,-1
14746,73,196,0.0013,-0.0003,100.0,518.67,643.37,1599.96,1430.81,14.62,21.61,551.87,2388.26,9044.17,1.3,48.16,519.8,2388.29,8118.9,8.5534,0.03,394,2388,100.0,38.62,23.2337,-1
14749,73,199,0.0024,0.0005,100.0,518.67,643.45,1593.08,1429.96,14.62,21.61,551.86,2388.23,9038.73,1.3,47.95,519.96,2388.34,8116.01,8.5102,0.03,397,2388,100.0,38.64,23.0564,-1
14750,73,200,0.003,-0.0,100.0,518.67,643.88,1601.86,1429.43,14.62,21.61,551.74,2388.31,9048.55,1.3,48.06,520.24,2388.25,8116.79,8.536,0.03,396,2388,100.0,38.34,23.0801,-1
14752,73,202,0.0039,0.0002,100.0,518.67,643.92,1592.35,1418.38,14.62,21.61,551.15,2388.29,9043.6,1.3,48.12,519.43,2388.34,8114.84,8.5258,0.03,396,2388,100.0,38.29,23.1049,-1
14753,73,203,-0.0012,0.0003,100.0,518.67,643.38,1597.7,1422.68,14.62,21.61,551.33,2388.27,9038.43,1.3,48.14,520.14,2388.3,8114.27,8.5222,0.03,395,2388,100.0,38.46,23.0541,-1
14754,73,204,-0.0001,0.0005,100.0,518.67,643.2,1601.49,1435.89,14.62,21.61,552.34,2388.27,9041.54,1.3,48.13,519.4,2388.3,8109.41,8.5328,0.03,394,2388,100.0,38.48,23.0252,-1
14755,73,205,0.0029,0.0005,100.0,518.67,643.75,1601.68,1427.87,14.62,21.61,551.6,2388.32,9038.8,1.3,48.13,520.21,2388.25,8113.28,8.5174,0.03,395,2388,100.0,38.57,23.0505,-1
14756,73,206,0.0008,0.0003,100.0,518.67,643.38,1602.32,1427.63,14.62,21.61,551.2,2388.3,9038.97,1.3,47.98,520.06,2388.32,8113.42,8.5299,0.03,395,2388,100.0,38.45,22.9684,-1
14757,73,207,0.0011,-0.0,100.0,518.67,644.03,1606.83,1425.22,14.62,21.61,551.39,2388.34,9039.55,1.3,48.18,520.02,2388.31,8115.78,8.5236,0.03,395,2388,100.0,38.52,23.1363,-1
14758,73,208,0.0001,-0.0002,100.0,518.67,643.78,1599.53,1438.16,14.62,21.61,551.03,2388.26,9041.5,1.3,48.33,519.78,2388.27,8113.46,8.5484,0.03,396,2388,100.0,38.4,23.0764,-1
14759,73,209,-0.0014,-0.0,100.0,518.67,643.17,1597.94,1430.59,14.62,21.61,551.39,2388.29,9046.31,1.3,48.09,519.6,2388.33,8110.51,8.536,0.03,395,2388,100.0,38.41,23.0578,-1
14760,73,210,0.0021,-0.0002,100.0,518.67,643.1,1601.3,1429.77,14.62,21.61,551.93,2388.35,9048.38,1.3,48.02,519.53,2388.36,8122.87,8.4972,0.03,396,2388,100.0,38.5,23.0189,-1
14761,73,211,-0.0027,0.0001,100.0,518.67,644.3,1601.47,1430.45,14.62,21.61,550.93,2388.31,9046.45,1.3,48.15,519.43,2388.33,8112.61,8.5185,0.03,396,2388,100.0,38.34,23.0511,-1
14762,73,212,-0.0014,-0.0004,100.0,518.67,643.48,1597.82,1430.64,14.62,21.61,550.88,2388.3,9041.38,1.3,48.27,520.17,2388.32,8115.46,8.5205,0.03,396,2388,100.0,38.61,23.0123,-1
14763,73,213,-0.0014,0.0002,100.0,518.67,643.54,1599.16,1428.84,14.62,21.61,551.62,2388.28,9041.6,1.3,48.12,519.7,2388.35,8114.48,8.5434,0.03,396,2388,100.0,38.54,23.0257,-1
14926,74,163,0.0004,-0.0002,100.0,518.67,644.16,1607.16,1426.01,14.62,21.61,551.86,2388.28,9057.1,1.3,48.17,519.79,2388.29,8123.78,8.508,0.03,397,2388,100.0,38.48,23.0785,-1
14927,74,164,-0.0022,-0.0001,100.0,518.67,643.64,1600.62,1423.05,14.62,21.61,550.61,2388.3,9049.12,1.3,48.22,519.23,2388.29,8125.96,8.525,0.03,396,2388,100.0,38.45,23.0552,-1
14928,74,165,-0.0017,0.0002,100.0,518.67,643.96,1599.81,1423.1,14.62,21.61,551.65,2388.24,9050.27,1.3,48.02,519.61,2388.3,8129.77,8.5342,0.03,394,2388,100.0,38.42,23.0288,-1
14929,74,166,0.0011,0.0003,100.0,518.67,643.29,1604.39,1431.14,14.62,21.61,550.35,2388.3,9056.35,1.3,48.07,519.52,2388.25,8123.87,8.5309,0.03,398,2388,100.0,38.36,22.9906,-1
15134,75,205,0.0018,0.0002,100.0,518.67,643.68,1604.14,1422.42,14.62,21.61,552.21,2388.31,9037.35,1.3,48.04,520.52,2388.21,8111.45,8.5177,0.03,396,2388,100.0,38.35,23.1404,-1
15137,75,208,0.0016,0.0004,100.0,518.67,643.68,1599.12,1421.41,14.62,21.61,551.41,2388.3,9033.82,1.3,47.97,519.97,2388.29,8114.12,8.4878,0.03,397,2388,100.0,38.39,23.0905,-1
15140,75,211,0.0003,0.0003,100.0,518.67,643.09,1596.78,1429.36,14.62,21.61,551.31,2388.3,9041.95,1.3,48.1,519.78,2388.26,8108.93,8.5308,0.03,395,2388,100.0,38.48,23.1597,-1
15141,75,212,-0.0005,-0.0002,100.0,518.67,643.36,1593.54,1421.55,14.62,21.61,551.59,2388.22,9036.66,1.3,47.99,519.72,2388.31,8110.75,8.5259,0.03,396,2388,100.0,38.64,23.1695,-1
15144,75,215,0.0006,-0.0,100.0,518.67,643.31,1590.79,1430.12,14.62,21.61,551.15,2388.24,9028.31,1.3,48.22,519.78,2388.25,8105.81,8.4974,0.03,394,2388,100.0,38.62,23.0685,-1
15145,75,216,0.0001,0.0003,100.0,518.67,643.04,1593.37,1426.54,14.62,21.61,551.46,2388.28,9030.09,1.3,47.96,519.87,2388.35,8110.9,8.4698,0.03,396,2388,100.0,38.41,23.1539,-1
15147,75,218,0.0014,-0.0,100.0,518.67,643.18,1601.18,1425.31,14.62,21.61,551.92,2388.3,9034.96,1.3,47.86,519.37,2388.29,8110.18,8.4929,0.03,396,2388,100.0,38.57,23.1274,-1
15148,75,219,-0.0006,0.0001,100.0,518.67,643.47,1593.08,1423.98,14.62,21.61,551.26,2388.32,9025.29,1.3,48.23,519.85,2388.27,8112.2,8.4941,0.03,395,2388,100.0,38.48,23.0289,-1
15149,75,220,-0.0032,0.0004,100.0,518.67,643.83,1600.76,1431.75,14.62,21.61,551.4,2388.31,9037.06,1.3,48.11,519.88,2388.32,8112.19,8.496,0.03,396,2388,100.0,38.51,23.0755,-1
15150,75,221,0.0018,0.0001,100.0,518.67,643.48,1599.18,1424.78,14.62,21.61,550.92,2388.25,9031.31,1.3,48.16,519.78,2388.28,8108.82,8.5074,0.03,397,2388,100.0,38.51,23.0398,-1
15151,75,222,0.002,0.0003,100.0,518.67,644.3,1599.91,1429.07,14.62,21.61,551.58,2388.3,9038.87,1.3,48.18,520.17,2388.27,8110.74,8.531,0.03,396,2388,100.0,38.56,23.2221,-1
15152,75,223,0.0011,0.0,100.0,518.67,643.6,1600.67,1430.09,14.62,21.61,551.4,2388.33,9027.1,1.3,48.21,519.49,2388.32,8110.53,8.4993,0.03,395,2388,100.0,38.52,23.1294,-1
15153,75,224,-0.0018,0.0001,100.0,518.67,643.67,1601.78,1419.34,14.62,21.61,551.28,2388.25,9028.94,1.3,48.32,519.56,2388.31,8116.15,8.5208,0.03,396,2388,100.0,38.32,23.0523,-1
15154,75,225,0.0041,0.0,100.0,518.67,643.53,1608.32,1429.83,14.62,21.61,551.68,2388.31,9030.3,1.3,48.08,519.61,2388.32,8107.23,8.5226,0.03,396,2388,100.0,38.52,23.0416,-1
15155,75,226,0.0034,-0.0004,100.0,518.67,643.64,1598.52,1435.58,14.62,21.61,550.48,2388.33,9027.5,1.3,48.18,519.55,2388.3,8114.4,8.4952,0.03,396,2388,100.0,38.57,23.1892,-1
15156,75,227,0.0002,-0.0002,100.0,518.67,643.84,1601.44,1426.63,14.62,21.61,551.22,2388.32,9024.42,1.3,48.09,519.19,2388.24,8106.69,8.5127,0.03,397,2388,100.0,38.4,23.1277,-1
15157,75,228,-0.0016,-0.0001,100.0,518.67,644.23,1595.88,1430.03,14.62,21.61,551.06,2388.33,9031.15,1.3,48.08,519.24,2388.32,8108.51,8.5158,0.03,398,2388,100.0,38.48,23.0978,-1
15158,75,229,0.0003,0.0001,100.0,518.67,643.7,1600.8,1433.1,14.62,21.61,552.04,2388.31,9026.08,1.3,48.22,519.51,2388.3,8104.78,8.5097,0.03,395,2388,100.0,38.57,23.0341,-1
15357,76,199,-0.0003,0.0004,100.0,518.67,643.42,1601.28,1429.56,14.62,21.61,550.81,2388.23,9049.71,1.3,48.04,520.04,2388.28,8124.53,8.535,0.03,397,2388,100.0,38.55,23.0614,-1
15360,76,202,-0.0016,-0.0001,100.0,518.67,643.58,1603.94,1427.6,14.62,21.61,551.9,2388.24,9051.01,1.3,48.21,519.99,2388.26,8126.6,8.512,0.03,397,2388,100.0,38.3,23.0205,-1
15362,76,204,-0.0031,-0.0003,100.0,518.67,643.86,1599.62,1430.9,14.62,21.61,551.24,2388.23,9054.04,1.3,48.33,519.82,2388.23,8129.66,8.5066,0.03,397,2388,100.0,38.39,23.1399,-1
15363,76,205,-0.0018,0.0003,100.0,518.67,643.52,1605.57,1422.82,14.62,21.61,551.26,2388.29,9059.11,1.3,48.12,520.01,2388.32,8131.22,8.4898,0.03,395,2388,100.0,38.37,23.1358,-1
15364,76,206,-0.0013,0.0005,100.0,518.67,643.98,1600.8,1429.55,14.62,21.61,551.36,2388.28,9053.1,1.3,48.2,519.38,2388.27,8128.17,8.5321,0.03,396,2388,100.0,38.53,23.0828,-1
15365,76,207,0.0003,0.0,100.0,518.67,643.26,1599.16,1424.96,14.62,21.61,550.83,2388.25,9056.03,1.3,48.1,519.99,2388.29,8132.37,8.5279,0.03,397,2388,100.0,38.29,23.1123,-1
15366,76,208,-0.0011,0.0002,100.0,518.67,643.64,1606.72,1432.06,14.62,21.61,550.9,2388.28,9058.91,1.3,48.07,519.44,2388.24,8134.88,8.5155,0.03,396,2388,100.0,38.52,23.1379,-1
15368,76,210,-0.003,0.0003,100.0,518.67,643.67,1598.61,1432.07,14.62,21.61,550.94,2388.27,9056.85,1.3,48.24,519.41,2388.28,8131.33,8.5253,0.03,396,2388,100.0,38.5,23.0671,-1
15518,77,150,0.001,-0.0002,100.0,518.67,643.87,1599.88,1430.02,14.62,21.61,551.01,2388.24,9078.59,1.3,48.29,519.64,2388.25,8141.64,8.5131,0.03,397,2388,100.0,38.45,23.0717,-1
15521,77,153,-0.0012,0.0002,100.0,518.67,643.81,1607.37,1426.15,14.62,21.61,550.82,2388.3,9080.28,1.3,48.26,519.19,2388.2,8151.17,8.53,0.03,395,2388,100.0,38.46,23.1067,-1
15522,77,154,0.0009,-0.0004,100.0,518.67,643.49,1601.95,1423.58,14.62,21.61,551.86,2388.27,9074.92,1.3,48.08,519.38,2388.24,8148.51,8.5105,0.03,399,2388,100.0,38.29,23.0154,-1
15524,78,2,0.0002,-0.0005,100.0,518.67,641.45,1586.11,1394.24,14.62,21.6,555.1,2387.98,9053.91,1.3,47.23,522.87,2387.99,8144.53,8.406,0.03,391,2388,100.0,39.21,23.3712,-1
15525,78,3,-0.0002,-0.0004,100.0,518.67,641.96,1586.33,1396.56,14.62,21.6,555.45,2387.98,9048.37,1.3,47.12,522.93,2388.07,8138.47,8.3995,0.03,390,2388,100.0,39.09,23.4523,-1
15526,78,4,0.0037,-0.0002,100.0,518.67,642.14,1591.12,1396.67,14.62,21.6,555.58,2387.98,9060.95,1.3,47.04,522.1,2388.01,8140.27,8.3548,0.03,390,2388,100.0,39.16,23.4028,-1
15530,78,8,-0.0009,-0.0004,100.0,518.67,642.05,1583.58,1391.06,14.62,21.61,555.12,2387.93,9054.72,1.3,47.01,522.92,2388.02,8140.22,8.3638,0.03,391,2388,100.0,39.14,23.3932,-1
15533,78,11,0.0009,-0.0002,100.0,518.67,642.15,1580.93,1402.4,14.62,21.6,554.88,2387.98,9059.04,1.3,46.99,523.04,2388.03,8136.86,8.3544,0.03,392,2388,100.0,38.9,23.4828,-1
15542,78,20,0.0002,0.0003,100.0,518.67,642.29,1572.67,1394.47,14.62,21.6,554.41,2388.0,9058.46,1.3,47.09,522.09,2388.01,8138.34,8.3674,0.03,392,2388,100.0,39.24,23.4428,-1
15543,78,21,-0.0009,0.0001,100.0,518.67,642.0,1589.19,1393.77,14.62,21.6,554.58,2388.02,9054.31,1.3,47.15,522.12,2388.04,8136.81,8.3887,0.03,392,2388,100.0,39.23,23.4249,-1
15548,78,26,0.0012,0.0001,100.0,518.67,642.14,1583.98,1395.33,14.62,21.6,554.88,2387.98,9054.83,1.3,47.19,522.2,2387.96,8135.31,8.3759,0.03,392,2388,100.0,39.09,23.3506,-1
15558,78,36,-0.0027,0.0001,100.0,518.67,642.0,1582.28,1402.15,14.62,21.6,554.35,2387.99,9052.84,1.3,47.08,521.99,2388.04,8143.55,8.3358,0.03,392,2388,100.0,39.1,23.4342,-1
15567,78,45,-0.0017,0.0004,100.0,518.67,642.51,1584.36,1399.3,14.62,21.6,553.83,2388.01,9053.69,1.3,47.15,522.77,2387.9,8138.25,8.462,0.03,391,2388,100.0,38.91,23.449,-1
15574,78,52,0.0015,-0.0002,100.0,518.67,642.29,1579.12,1390.91,14.62,21.6,554.77,2388.06,9058.35,1.3,47.24,522.57,2387.99,8145.98,8.4289,0.03,391,2388,100.0,39.14,23.433,-1
15575,78,53,-0.002,-0.0001,100.0,518.67,641.97,1572.46,1396.16,14.62,21.6,554.45,2388.05,9050.93,1.3,47.16,522.44,2387.97,8143.38,8.3773,0.03,392,2388,100.0,39.07,23.4288,-1
15594,78,72,-0.0003,-0.0002,100.0,518.67,642.22,1575.4,1400.88,14.62,21.6,554.83,2388.01,9049.34,1.3,47.11,522.15,2387.97,8140.96,8.4149,0.03,392,2388,100.0,39.08,23.4371,-1
15747,78,225,-0.0017,-0.0002,100.0,518.67,643.99,1605.76,1427.31,14.62,21.61,551.18,2388.22,9086.64,1.3,48.09,519.69,2388.15,8162.89,8.4918,0.03,397,2388,100.0,38.55,23.0347,-1
15749,78,227,-0.0011,-0.0002,100.0,518.67,643.81,1604.31,1427.2,14.62,21.61,552.12,2388.18,9096.36,1.3,48.08,519.75,2388.21,8161.72,8.527,0.03,397,2388,100.0,38.27,23.0785,-1
15752,78,230,0.0006,-0.0001,100.0,518.67,643.2,1603.23,1432.4,14.62,21.61,551.71,2388.15,9091.72,1.3,48.33,519.87,2388.23,8161.68,8.5381,0.03,396,2388,100.0,38.3,23.0374,-1
15753,78,231,-0.001,0.0001,100.0,518.67,643.23,1596.6,1428.33,14.62,21.61,551.6,2388.24,9090.13,1.3,48.22,519.11,2388.21,8160.8,8.5254,0.03,396,2388,100.0,38.25,23.126,-1
15835,79,82,-0.0,-0.0001,100.0,518.67,641.72,1585.22,1394.09,14.62,21.6,554.37,2388.03,9059.96,1.3,47.09,522.58,2388.03,8141.97,8.4503,0.03,392,2388,100.0,38.8,23.358,-1
15949,79,196,-0.0019,0.0001,100.0,518.67,644.23,1597.47,1431.96,14.62,21.61,551.34,2388.18,9094.5,1.3,48.05,519.83,2388.21,8165.34,8.5115,0.03,397,2388,100.0,38.31,23.1359,-1
15951,79,198,-0.0037,-0.0005,100.0,518.67,643.91,1606.34,1431.45,14.62,21.61,551.54,2388.23,9106.82,1.3,48.2,519.91,2388.18,8164.59,8.5117,0.03,396,2388,100.0,38.35,23.0653,-1
15952,79,199,-0.0023,-0.0004,100.0,518.67,643.57,1598.35,1436.93,14.62,21.61,551.0,2388.26,9095.97,1.3,48.2,519.62,2388.21,8165.3,8.5273,0.03,397,2388,100.0,38.4,23.1076,-1
16122,80,170,-0.0016,-0.0004,100.0,518.67,643.76,1600.43,1422.02,14.62,21.61,552.59,2388.18,9122.8,1.3,47.8,520.84,2388.16,8195.69,8.5363,0.03,398,2388,100.0,38.58,23.096,-1
16127,80,175,0.0041,0.0004,100.0,518.67,643.0,1600.09,1429.4,14.62,21.61,552.74,2388.11,9140.77,1.3,48.25,520.86,2388.13,8200.62,8.5063,0.03,397,2388,100.0,38.51,23.0929,-1
16129,80,177,-0.0004,0.0004,100.0,518.67,643.3,1603.93,1423.61,14.62,21.61,551.94,2388.17,9143.78,1.3,48.07,520.15,2388.11,8206.52,8.4967,0.03,397,2388,100.0,38.44,23.0713,-1
16130,80,178,0.0,0.0,100.0,518.67,643.43,1603.07,1420.15,14.62,21.61,551.81,2388.09,9149.03,1.3,48.12,520.8,2388.18,8216.3,8.5173,0.03,395,2388,100.0,38.62,23.1038,-1
16131,80,179,-0.0006,-0.0003,100.0,518.67,643.61,1613.29,1432.42,14.62,21.61,551.59,2388.15,9144.0,1.3,48.06,520.5,2388.1,8211.19,8.486,0.03,395,2388,100.0,38.42,23.1907,-1
16132,80,180,0.0005,-0.0002,100.0,518.67,643.9,1602.87,1422.7,14.62,21.61,551.54,2388.17,9155.94,1.3,48.03,520.01,2388.12,8215.84,8.5194,0.03,395,2388,100.0,38.5,23.0692,-1
16133,80,181,0.0042,0.0002,100.0,518.67,644.0,1604.26,1428.92,14.62,21.61,552.24,2388.2,9145.62,1.3,48.17,520.44,2388.17,8218.63,8.5194,0.03,397,2388,100.0,38.39,23.1678,-1
16134,80,182,-0.0014,0.0004,100.0,518.67,643.81,1598.32,1426.31,14.62,21.61,551.6,2388.16,9160.23,1.3,48.41,520.06,2388.12,8221.91,8.5493,0.03,396,2388,100.0,38.34,23.0142,-1
16135,80,183,0.0018,-0.0,100.0,518.67,643.49,1603.37,1434.3,14.62,21.61,551.78,2388.12,9152.84,1.3,48.04,519.67,2388.21,8217.46,8.5106,0.03,397,2388,100.0,38.34,22.9337,-1
16136,80,184,-0.0024,0.0002,100.0,518.67,643.83,1603.01,1430.23,14.62,21.61,551.78,2388.17,9164.1,1.3,48.04,519.72,2388.2,8228.65,8.4983,0.03,397,2388,100.0,38.53,22.9971,-1
16137,80,185,0.0015,-0.0,100.0,518.67,643.88,1606.38,1421.41,14.62,21.61,551.55,2388.22,9170.57,1.3,48.05,520.0,2388.18,8229.73,8.525,0.03,397,2388,100.0,38.35,23.0323,-1
16371,81,234,0.0028,0.0003,100.0,518.67,642.93,1588.56,1418.51,14.62,21.61,551.78,2388.28,9060.92,1.3,48.09,520.18,2388.22,8138.68,8.5318,0.03,397,2388,100.0,38.36,23.0794,-1
16372,81,235,0.0017,0.0003,100.0,518.67,644.05,1596.94,1430.19,14.62,21.61,551.22,2388.23,9068.38,1.3,48.06,519.98,2388.27,8133.13,8.5177,0.03,397,2388,100.0,38.46,23.017,-1
16374,81,237,-0.0004,-0.0,100.0,518.67,643.94,1608.12,1432.04,14.62,21.61,551.11,2388.3,9059.52,1.3,48.16,519.2,2388.27,8130.88,8.5197,0.03,396,2388,100.0,38.48,23.0948,-1
16376,81,239,0.0068,0.0005,100.0,518.67,643.84,1602.45,1429.38,14.62,21.61,550.82,2388.22,9053.05,1.3,48.43,519.09,2388.27,8127.27,8.5395,0.03,398,2388,100.0,38.3,23.0611,-1
16377,81,240,-0.0026,-0.0003,100.0,518.67,644.01,1601.01,1423.61,14.62,21.61,550.75,2388.28,9061.24,1.3,48.12,519.48,2388.22,8129.61,8.4922,0.03,397,2388,100.0,38.37,23.0289,-1
16387,82,10,0.0002,-0.0005,100.0,518.67,641.57,1580.98,1395.96,14.62,21.6,554.8,2388.0,9057.55,1.3,47.1,522.84,2387.94,8146.73,8.4018,0.03,391,2388,100.0,39.05,23.6184,-1
16410,82,33,0.0005,0.0003,100.0,518.67,642.31,1584.74,1394.85,14.62,21.6,555.06,2388.0,9069.51,1.3,47.34,522.4,2388.01,8142.4,8.3721,0.03,391,2388,100.0,39.0,23.279,-1
16416,82,39,0.0031,-0.0001,100.0,518.67,642.02,1580.74,1399.68,14.62,21.6,554.84,2387.99,9065.8,1.3,47.17,521.97,2388.01,8143.73,8.3979,0.03,391,2388,100.0,39.15,23.458,-1
16421,82,44,0.0013,0.0004,100.0,518.67,641.36,1584.8,1396.66,14.62,21.6,555.39,2388.06,9061.84,1.3,47.08,522.52,2388.02,8150.68,8.382,0.03,392,2388,100.0,39.08,23.4129,-1
16502,82,125,0.0001,-0.0002,100.0,518.67,641.9,1594.28,1398.69,14.62,21.6,555.12,2388.0,9070.48,1.3,47.12,522.38,2388.0,8150.24,8.4058,0.03,391,2388,100.0,38.99,23.4025,-1
16569,82,192,-0.0004,0.0004,100.0,518.67,643.07,1602.68,1410.5,14.62,21.61,553.0,2388.08,9146.54,1.3,47.59,521.5,2388.05,8217.06,8.4807,0.03,395,2388,100.0,38.49,23.2327,-1
16572,82,195,0.0016,-0.0003,100.0,518.67,643.11,1603.6,1422.45,14.62,21.61,552.26,2388.08,9149.61,1.3,47.76,520.66,2388.08,8218.51,8.4968,0.03,395,2388,100.0,38.52,23.152,-1
16574,82,197,0.0031,0.0004,100.0,518.67,643.22,1601.42,1416.52,14.62,21.61,552.4,2388.16,9153.75,1.3,47.83,520.88,2388.11,8217.85,8.456,0.03,393,2388,100.0,38.51,23.1537,-1
16575,82,198,0.0005,-0.0002,100.0,518.67,643.59,1602.87,1422.64,14.62,21.61,553.12,2388.07,9149.6,1.3,47.69,520.89,2388.05,8220.49,8.499,0.03,395,2388,100.0,38.42,23.1438,-1
16577,82,200,0.0007,-0.0004,100.0,518.67,643.47,1602.4,1425.75,14.62,21.61,552.38,2388.09,9163.03,1.3,47.69,520.92,2388.12,8230.84,8.493,0.03,395,2388,100.0,38.71,23.1791,-1
16578,82,201,-0.0032,-0.0002,100.0,518.67,643.19,1599.54,1427.61,14.62,21.61,551.93,2388.18,9172.44,1.3,47.97,520.97,2388.09,8226.85,8.494,0.03,395,2388,100.0,38.66,23.1539,-1
16579,82,202,0.0003,0.0002,100.0,518.67,642.76,1591.99,1427.79,14.62,21.61,552.71,2388.1,9168.79,1.3,47.97,520.51,2388.13,8231.67,8.4862,0.03,398,2388,100.0,38.53,23.1049,-1
16580,82,203,-0.0002,0.0001,100.0,518.67,643.59,1596.45,1420.6,14.62,21.61,552.5,2388.15,9175.36,1.3,47.9,520.56,2388.09,8231.75,8.4952,0.03,394,2388,100.0,38.8,23.0097,-1
16582,82,205,-0.0006,-0.0003,100.0,518.67,643.64,1596.75,1428.16,14.62,21.61,551.91,2388.12,9177.7,1.3,47.88,520.63,2388.14,8239.17,8.4865,0.03,396,2388,100.0,38.46,23.1719,-1
16583,82,206,0.0012,-0.0002,100.0,518.67,643.4,1602.48,1426.24,14.62,21.61,552.48,2388.12,9183.06,1.3,47.92,520.03,2388.12,8236.0,8.4865,0.03,396,2388,100.0,38.74,23.1024,-1
16584,82,207,0.0022,0.0,100.0,518.67,643.59,1607.09,1416.6,14.62,21.61,552.48,2388.13,9185.97,1.3,47.94,520.83,2388.08,8247.28,8.5087,0.03,396,2388,100.0,38.36,23.1516,-1
16585,82,208,-0.0021,0.0,100.0,518.67,644.08,1607.74,1426.26,14.62,21.61,552.35,2388.12,9182.21,1.3,48.08,520.81,2388.13,8246.23,8.534,0.03,398,2388,100.0,38.44,23.1126,-1
16586,82,209,0.0006,0.0002,100.0,518.67,643.61,1604.53,1426.18,14.62,21.61,551.9,2388.19,9184.89,1.3,48.17,521.06,2388.13,8246.71,8.5333,0.03,397,2388,100.0,38.44,23.0434,-1
16587,82,210,0.0002,-0.0005,100.0,518.67,643.11,1608.87,1434.28,14.62,21.61,551.51,2388.13,9192.8,1.3,48.17,520.66,2388.13,8246.16,8.5255,0.03,396,2388,100.0,38.46,23.0639,-1
16588,82,211,-0.0004,-0.0004,100.0,518.67,643.61,1605.0,1426.94,14.62,21.61,552.46,2388.16,9192.88,1.3,48.04,520.73,2388.12,8258.32,8.523,0.03,396,2388,100.0,38.35,23.0294,-1
16589,82,212,0.0004,0.0004,100.0,518.67,643.66,1601.47,1426.74,14.62,21.61,551.85,2388.13,9199.74,1.3,48.22,520.16,2388.19,8255.68,8.5338,0.03,396,2388,100.0,38.5,23.2379,-1
16590,82,213,-0.0036,0.0001,100.0,518.67,643.48,1596.98,1425.66,14.62,21.61,552.05,2388.12,9200.05,1.3,48.18,520.43,2388.11,8262.35,8.5441,0.03,398,2388,100.0,38.49,23.0412,-1
16591,82,214,-0.0013,0.0003,100.0,518.67,643.73,1601.66,1427.73,14.62,21.61,551.57,2388.16,9215.59,1.3,48.3,520.01,2388.16,8267.9,8.5222,0.03,399,2388,100.0,38.56,23.0292,-1
16600,83,9,0.0006,0.0002,100.0,518.67,641.84,1586.99,1394.23,14.62,21.6,554.33,2388.03,9049.92,1.3,47.14,523.13,2388.04,8142.5,8.3922,0.03,391,2388,100.0,38.89,23.4499,-1
16603,83,12,0.0016,-0.0002,100.0,518.67,641.44,1586.47,1402.08,14.62,21.6,555.43,2388.0,9059.03,1.3,47.23,522.71,2388.0,8136.47,8.3646,0.03,391,2388,100.0,38.91,23.4495,-1
16605,83,14,0.0019,-0.0003,100.0,518.67,641.48,1579.72,1399.07,14.62,21.6,554.98,2388.02,9052.32,1.3,47.35,522.51,2388.01,8146.92,8.3918,0.03,392,2388,100.0,39.07,23.4627,-1
16606,83,15,0.002,0.0001,100.0,518.67,642.28,1579.22,1394.18,14.62,21.6,554.8,2387.97,9054.15,1.3,47.15,522.2,2387.96,8140.48,8.3812,0.03,392,2388,100.0,39.18,23.4554,-1
16607,83,16,-0.0022,-0.0001,100.0,518.67,642.15,1586.81,1396.95,14.62,21.6,554.0,2388.0,9052.07,1.3,47.14,522.28,2387.96,8135.33,8.3677,0.03,391,2388,100.0,39.06,23.3728,-1
16628,83,37,-0.0021,-0.0001,100.0,518.67,642.07,1586.19,1387.57,14.62,21.6,554.73,2388.02,9056.23,1.3,47.19,522.51,2387.98,8142.17,8.4121,0.03,392,2388,100.0,39.08,23.4848,-1
16641,83,50,-0.0042,-0.0004,100.0,518.67,641.72,1574.96,1385.75,14.62,21.61,555.05,2387.99,9055.7,1.3,47.16,522.59,2387.98,8141.17,8.3635,0.03,392,2388,100.0,39.25,23.5316,-1
16642,83,51,-0.0026,0.0001,100.0,518.67,641.7,1594.67,1404.76,14.62,21.6,554.24,2387.99,9065.89,1.3,47.42,522.22,2388.0,8138.58,8.3682,0.03,392,2388,100.0,39.15,23.4456,-1
16682,83,91,-0.0013,0.0002,100.0,518.67,641.96,1576.72,1402.93,14.62,21.6,553.73,2388.04,9058.51,1.3,47.1,522.24,2388.0,8139.8,8.4156,0.03,392,2388,100.0,39.11,23.4551,-1
16688,83,97,-0.0009,0.0003,100.0,518.67,642.55,1584.9,1393.5,14.62,21.6,554.5,2388.03,9058.39,1.3,47.17,522.43,2388.01,8136.57,8.4124,0.03,393,2388,100.0,38.82,23.4637,-1
16875,83,284,0.0014,-0.0004,100.0,518.67,643.83,1601.88,1428.94,14.62,21.61,551.48,2388.29,9051.09,1.3,48.06,519.3,2388.26,8131.17,8.5557,0.03,396,2388,100.0,38.6,23.1725,-1
16877,83,286,-0.0003,-0.0001,100.0,518.67,643.66,1596.57,1426.88,14.62,21.61,551.04,2388.26,9049.78,1.3,47.82,519.84,2388.27,8118.67,8.5381,0.03,395,2388,100.0,38.42,23.0767,-1
16878,83,287,0.0035,-0.0003,100.0,518.67,642.95,1599.91,1436.2,14.62,21.61,551.85,2388.27,9049.91,1.3,48.17,519.72,2388.33,8117.97,8.5395,0.03,395,2388,100.0,38.64,23.126,-1
16880,83,289,0.0007,0.0001,100.0,518.67,643.94,1603.48,1432.46,14.62,21.61,552.16,2388.26,9052.64,1.3,48.22,520.0,2388.24,8117.56,8.4822,0.03,396,2388,100.0,38.58,23.1639,-1
16881,83,290,-0.0024,-0.0002,100.0,518.67,643.85,1598.4,1425.67,14.62,21.61,551.24,2388.31,9043.56,1.3,48.24,519.19,2388.32,8120.43,8.5226,0.03,395,2388,100.0,38.5,23.1088,-1
16882,83,291,-0.0017,0.0001,100.0,518.67,643.79,1606.66,1428.67,14.62,21.61,551.03,2388.26,9054.02,1.3,47.99,519.37,2388.27,8120.43,8.5424,0.03,396,2388,100.0,38.4,23.0255,-1
16883,83,292,-0.0003,0.0001,100.0,518.67,643.51,1600.62,1428.07,14.62,21.61,551.58,2388.25,9043.64,1.3,48.31,519.52,2388.3,8124.34,8.5169,0.03,394,2388,100.0,38.48,23.1065,-1
16884,83,293,-0.0002,-0.0005,100.0,518.67,643.77,1605.59,1430.64,14.62,21.61,551.68,2388.25,9045.98,1.3,48.21,519.45,2388.31,8115.28,8.5123,0.03,397,2388,100.0,38.42,22.9926,-1
17142,84,258,0.0033,-0.0003,100.0,518.67,644.34,1599.54,1420.96,14.62,21.61,551.6,2388.24,9071.07,1.3,48.0,519.6,2388.21,8145.0,8.4864,0.03,397,2388,100.0,38.28,23.0497,-1
17143,84,259,-0.0011,-0.0002,100.0,518.67,643.12,1603.12,1430.47,14.62,21.61,551.51,2388.24,9078.33,1.3,48.08,519.85,2388.32,8147.49,8.5274,0.03,394,2388,100.0,38.43,23.0957,-1
17144,84,260,-0.001,-0.0005,100.0,518.67,644.17,1596.12,1432.91,14.62,21.61,551.73,2388.2,9077.81,1.3,48.06,519.87,2388.24,8152.05,8.5262,0.03,395,2388,100.0,38.44,22.9976,-1
17145,84,261,0.0002,0.0005,100.0,518.67,643.99,1597.57,1422.32,14.62,21.61,551.92,2388.26,9070.99,1.3,48.15,519.96,2388.18,8154.63,8.519,0.03,397,2388,100.0,38.3,23.1134,-1
17148,84,264,-0.0027,-0.0,100.0,518.67,643.34,1599.89,1429.65,14.62,21.61,551.54,2388.29,9078.16,1.3,47.87,519.66,2388.2,8148.87,8.5464,0.03,397,2388,100.0,38.49,22.9996,-1
17149,84,265,0.0026,0.0001,100.0,518.67,643.87,1598.81,1436.17,14.62,21.61,551.82,2388.19,9068.16,1.3,48.29,520.0,2388.18,8148.76,8.5113,0.03,396,2388,100.0,38.49,23.0383,-1
17150,84,266,-0.0013,-0.0,100.0,518.67,643.2,1605.59,1428.1,14.62,21.61,551.8,2388.25,9077.82,1.3,48.08,519.74,2388.2,8146.22,8.5336,0.03,395,2388,100.0,38.36,23.0022,-1
17151,84,267,-0.0023,0.0001,100.0,518.67,643.68,1606.08,1430.13,14.62,21.61,550.64,2388.25,9079.24,1.3,48.17,519.77,2388.23,8149.66,8.5367,0.03,396,2388,100.0,38.49,23.1018,-1
17337,85,186,-0.0003,-0.0001,100.0,518.67,643.7,1598.59,1430.96,14.62,21.61,551.29,2388.34,9055.69,1.3,48.16,519.71,2388.28,8122.78,8.5387,0.03,396,2388,100.0,38.49,23.0475,-1
17338,85,187,-0.0014,-0.0002,100.0,518.67,644.02,1597.34,1430.78,14.62,21.61,551.02,2388.26,9056.11,1.3,48.35,518.83,2388.29,8127.76,8.5517,0.03,397,2388,100.0,38.42,23.1251,-1
17339,85,188,-0.0014,0.0,100.0,518.67,643.64,1603.1,1434.88,14.62,21.61,551.23,2388.28,9050.97,1.3,48.17,519.61,2388.3,8124.14,8.4977,0.03,396,2388,100.0,38.61,22.9752,-1
17605,86,266,0.0007,0.0002,100.0,518.67,643.53,1603.98,1424.4,14.62,21.61,550.71,2388.19,9082.13,1.3,48.17,519.5,2388.25,8146.28,8.4977,0.03,396,2388,100.0,38.52,22.9519,-1
17607,86,268,-0.0044,-0.0002,100.0,518.67,644.04,1604.07,1427.86,14.62,21.61,551.53,2388.23,9080.34,1.3,48.12,519.34,2388.2,8145.82,8.5246,0.03,397,2388,100.0,38.5,23.1791,-1
17609,86,270,-0.001,0.0001,100.0,518.67,643.87,1594.78,1430.28,14.62,21.61,551.66,2388.29,9078.26,1.3,47.83,520.36,2388.21,8145.36,8.5226,0.03,397,2388,100.0,38.45,23.1465,-1
17611,86,272,-0.0035,0.0002,100.0,518.67,643.49,1592.34,1431.44,14.62,21.61,550.7,2388.25,9078.87,1.3,47.96,520.35,2388.23,8154.84,8.527,0.03,396,2388,100.0,38.53,23.0076,-1
17616,86,277,0.0003,0.0003,100.0,518.67,643.03,1602.04,1431.26,14.62,21.61,551.68,2388.26,9084.43,1.3,48.26,519.13,2388.25,8157.08,8.522,0.03,396,2388,100.0,38.49,23.0981,-1
17791,87,174,-0.0019,-0.0004,100.0,518.67,643.41,1594.39,1437.64,14.62,21.61,551.53,2388.31,9052.23,1.3,48.04,519.93,2388.27,8123.96,8.5638,0.03,396,2388,100.0,38.34,23.0574,-1
17792,87,175,-0.0011,-0.0003,100.0,518.67,643.78,1597.02,1428.38,14.62,21.61,550.54,2388.28,9047.37,1.3,48.2,519.65,2388.29,8124.33,8.5168,0.03,397,2388,100.0,38.52,23.0501,-1
17793,87,176,0.0052,-0.0001,100.0,518.67,643.84,1600.14,1424.05,14.62,21.61,551.15,2388.28,9055.59,1.3,48.22,519.96,2388.28,8124.23,8.5268,0.03,396,2388,100.0,38.58,23.0729,-1
17794,87,177,0.0016,-0.0005,100.0,518.67,643.8,1600.61,1432.55,14.62,21.61,551.18,2388.28,9047.59,1.3,48.34,519.78,2388.28,8125.16,8.5164,0.03,395,2388,100.0,38.25,23.0864,-1
17795,87,178,0.001,0.0001,100.0,518.67,643.44,1597.69,1433.25,14.62,21.61,551.24,2388.32,9050.62,1.3,48.11,519.79,2388.31,8121.08,8.5082,0.03,397,2388,100.0,38.61,23.074,-1
17995,88,200,-0.0043,0.0002,100.0,518.67,643.56,1589.07,1426.59,14.62,21.61,551.92,2388.15,9123.57,1.3,47.93,519.63,2388.13,8190.95,8.4991,0.03,398,2388,100.0,38.57,23.1349,-1
17998,88,203,0.0008,-0.0,100.0,518.67,643.37,1594.58,1430.3,14.62,21.61,551.97,2388.2,9132.06,1.3,48.07,520.17,2388.16,8191.72,8.483,0.03,397,2388,100.0,38.37,23.1274,-1
17999,88,204,-0.001,0.0004,100.0,518.67,643.51,1601.71,1424.41,14.62,21.61,552.08,2388.13,9134.06,1.3,48.02,520.42,2388.14,8203.99,8.5342,0.03,396,2388,100.0,38.47,22.9737,-1
18000,88,205,0.0013,0.0001,100.0,518.67,643.17,1596.52,1423.15,14.62,21.61,552.05,2388.15,9138.02,1.3,47.88,519.86,2388.15,8198.4,8.443,0.03,397,2388,100.0,38.44,23.0956,-1
18001,88,206,0.0015,-0.0003,100.0,518.67,644.2,1596.72,1430.08,14.62,21.61,551.95,2388.15,9132.03,1.3,48.06,520.23,2388.15,8202.18,8.5035,0.03,397,2388,100.0,38.49,23.2217,-1
18002,88,207,0.001,0.0002,100.0,518.67,642.7,1599.83,1420.87,14.62,21.61,552.09,2388.21,9137.11,1.3,47.93,519.92,2388.11,8202.73,8.514,0.03,398,2388,100.0,38.43,23.0741,-1
18003,88,208,-0.0016,0.0004,100.0,518.67,643.44,1607.07,1423.26,14.62,21.61,551.79,2388.19,9136.14,1.3,48.06,520.05,2388.21,8201.41,8.5043,0.03,397,2388,100.0,38.45,23.1862,-1
18004,88,209,0.001,0.0004,100.0,518.67,643.42,1597.56,1425.77,14.62,21.61,551.78,2388.14,9141.19,1.3,48.14,519.87,2388.13,8209.88,8.4872,0.03,397,2388,100.0,38.39,23.0212,-1
18005,88,210,0.0041,0.0001,100.0,518.67,643.92,1601.2,1426.06,14.62,21.61,551.87,2388.13,9143.49,1.3,48.14,520.02,2388.15,8210.67,8.5122,0.03,396,2388,100.0,38.57,23.0343,-1
18006,88,211,0.0013,0.0002,100.0,518.67,644.06,1600.81,1430.66,14.62,21.61,551.52,2388.16,9140.3,1.3,48.04,520.36,2388.23,8206.3,8.5234,0.03,398,2388,100.0,38.56,23.1055,-1
18007,88,212,0.0018,0.0004,100.0,518.67,643.58,1598.21,1437.53,14.62,21.61,551.56,2388.19,9152.44,1.3,48.04,520.05,2388.12,8213.32,8.5447,0.03,395,2388,100.0,38.55,23.0998,-1
18008,88,213,-0.0019,0.0003,100.0,518.67,643.65,1602.86,1431.92,14.62,21.61,551.76,2388.13,9149.8,1.3,48.4,519.95,2388.19,8212.51,8.5067,0.03,397,2388,100.0,38.45,22.9829,-1
18009,89,1,0.0018,-0.0002,100.0,518.67,642.47,1582.56,1402.93,14.62,21.6,554.62,2388.07,9042.07,1.3,46.97,522.18,2388.03,8128.4,8.4249,0.03,391,2388,100.0,38.93,23.384,-1
18012,89,4,0.0014,0.0002,100.0,518.67,641.72,1588.51,1400.78,14.62,21.6,554.04,2388.1,9046.95,1.3,47.28,522.25,2387.99,8134.42,8.4152,0.03,391,2388,100.0,39.3,23.3648,-1
18220,89,212,0.0003,0.0002,100.0,518.67,643.21,1598.68,1432.5,14.62,21.61,550.91,2388.17,9079.18,1.3,47.96,519.66,2388.25,8150.45,8.4891,0.03,396,2388,100.0,38.38,23.0103,-1
18221,89,213,0.0001,-0.0003,100.0,518.67,643.49,1604.45,1426.52,14.62,21.61,550.85,2388.21,9085.94,1.3,48.16,519.63,2388.24,8153.07,8.534,0.03,397,2388,100.0,38.25,23.16,-1
18223,89,215,0.0018,0.0,100.0,518.67,643.39,1603.19,1430.73,14.62,21.61,551.09,2388.2,9085.55,1.3,48.18,519.49,2388.16,8151.41,8.5356,0.03,396,2388,100.0,38.3,23.0166,-1
18224,89,216,0.0004,0.0001,100.0,518.67,643.6,1604.76,1427.66,14.62,21.61,551.46,2388.26,9074.32,1.3,48.02,519.68,2388.21,8155.37,8.5259,0.03,395,2388,100.0,38.36,23.0164,-1
18225,89,217,0.006,-0.0002,100.0,518.67,643.18,1603.61,1431.32,14.62,21.61,551.03,2388.17,9081.82,1.3,48.39,519.86,2388.22,8154.8,8.4936,0.03,397,2388,100.0,38.19,23.09,-1
18375,90,150,0.003,-0.0001,100.0,518.67,643.6,1600.75,1420.57,14.62,21.61,551.07,2388.27,9037.76,1.3,48.11,519.95,2388.33,8104.46,8.4861,0.03,395,2388,100.0,38.36,23.1885,-1
18376,90,151,0.0019,0.0001,100.0,518.67,643.64,1594.85,1426.44,14.62,21.61,550.62,2388.24,9035.23,1.3,47.8,520.31,2388.29,8106.06,8.4937,0.03,397,2388,100.0,38.59,23.0981,-1
18377,90,152,-0.0005,0.0,100.0,518.67,644.0,1602.68,1422.35,14.62,21.61,551.75,2388.32,9033.32,1.3,48.09,519.35,2388.35,8113.55,8.5124,0.03,395,2388,100.0,38.4,23.0969,-1
18378,90,153,0.0023,0.0002,100.0,518.67,643.44,1609.33,1429.5,14.62,21.61,551.24,2388.3,9041.11,1.3,48.26,519.73,2388.36,8113.53,8.549,0.03,396,2388,100.0,38.32,22.9678,-1
18379,90,154,-0.001,-0.0002,100.0,518.67,643.6,1598.79,1434.02,14.62,21.61,550.77,2388.32,9032.34,1.3,48.4,519.31,2388.34,8110.86,8.5637,0.03,395,2388,100.0,38.44,23.0727,-1
18505,91,126,-0.0002,0.0,100.0,518.67,643.63,1602.65,1428.66,14.62,21.61,552.02,2388.3,9041.59,1.3,48.16,519.31,2388.28,8117.73,8.5671,0.03,395,2388,100.0,38.54,23.0733,-1
18506,91,127,-0.0037,0.0,100.0,518.67,643.56,1601.57,1430.48,14.62,21.61,551.63,2388.24,9043.45,1.3,48.27,519.55,2388.28,8124.02,8.5014,0.03,397,2388,100.0,38.38,23.1853,-1
18508,91,129,0.0025,0.0003,100.0,518.67,643.49,1600.3,1427.05,14.62,21.61,551.57,2388.3,9047.56,1.3,48.01,519.66,2388.29,8117.39,8.5203,0.03,397,2388,100.0,38.36,23.1987,-1
18510,91,131,-0.001,-0.0,100.0,518.67,642.98,1600.49,1427.11,14.62,21.61,552.08,2388.26,9045.2,1.3,48.24,519.76,2388.28,8119.61,8.5282,0.03,395,2388,100.0,38.38,23.1238,-1
18511,91,132,-0.0025,-0.0003,100.0,518.67,643.91,1596.94,1428.41,14.62,21.61,550.52,2388.3,9041.93,1.3,48.02,519.76,2388.3,8120.68,8.5323,0.03,397,2388,100.0,38.53,23.0055,-1
18512,91,133,0.0012,-0.0001,100.0,518.67,644.22,1602.83,1426.55,14.62,21.61,550.6,2388.29,9049.93,1.3,48.07,519.35,2388.26,8120.11,8.5183,0.03,396,2388,100.0,38.38,23.0042,-1
18513,91,134,0.0004,0.0006,100.0,518.67,643.7,1606.4,1430.92,14.62,21.61,551.13,2388.27,9052.04,1.3,48.2,519.43,2388.33,8119.01,8.5215,0.03,396,2388,100.0,38.25,23.0107,-1
18514,91,135,0.0016,-0.0001,100.0,518.67,644.04,1607.23,1432.29,14.62,21.61,550.69,2388.27,9047.27,1.3,48.31,519.06,2388.26,8115.44,8.5228,0.03,396,2388,100.0,38.53,23.0902,-1
18835,92,321,0.0015,0.0006,100.0,518.67,643.73,1601.23,1425.6,14.62,21.61,551.73,2388.14,9118.02,1.3,48.03,520.48,2388.15,8186.66,8.5099,0.03,397,2388,100.0,38.26,23.1353,-1
18842,92,328,-0.0018,0.0002,100.0,518.67,643.2,1604.25,1431.74,14.62,21.61,552.38,2388.17,9115.64,1.3,47.91,520.27,2388.17,8186.57,8.5542,0.03,395,2388,100.0,38.36,22.9785,-1
18846,92,332,-0.0044,-0.0003,100.0,518.67,643.23,1600.19,1429.95,14.62,21.61,551.56,2388.17,9131.55,1.3,48.03,519.75,2388.22,8193.39,8.4952,0.03,394,2388,100.0,38.49,23.0253,-1
18847,92,333,-0.0025,0.0004,100.0,518.67,643.78,1600.8,1426.34,14.62,21.61,552.05,2388.21,9127.29,1.3,48.0,520.01,2388.19,8192.24,8.5241,0.03,397,2388,100.0,38.79,23.1304,-1
18848,92,334,0.0003,0.0002,100.0,518.67,643.4,1604.03,1425.17,14.62,21.61,551.5,2388.13,9130.87,1.3,47.85,520.14,2388.14,8194.6,8.5228,0.03,397,2388,100.0,38.45,23.0678,-1
18849,92,335,-0.0002,0.0004,100.0,518.67,643.66,1601.83,1432.0,14.62,21.61,551.35,2388.15,9130.7,1.3,48.07,520.04,2388.16,8197.77,8.4789,0.03,396,2388,100.0,38.36,23.0794,-1
18850,92,336,-0.0035,0.0001,100.0,518.67,643.86,1601.27,1434.22,14.62,21.61,551.52,2388.17,9132.52,1.3,48.09,520.59,2388.19,8201.25,8.5192,0.03,397,2388,100.0,38.47,23.0699,-1
18852,92,338,-0.002,0.0004,100.0,518.67,644.17,1600.59,1425.63,14.62,21.61,551.42,2388.14,9128.64,1.3,48.08,519.7,2388.19,8201.61,8.5028,0.03,396,2388,100.0,38.35,23.0181,-1
18853,92,339,-0.0026,0.0003,100.0,518.67,643.41,1605.22,1428.24,14.62,21.61,551.18,2388.2,9137.65,1.3,48.19,519.92,2388.2,8202.93,8.5063,0.03,395,2388,100.0,38.4,23.0027,-1
18854,92,340,0.0016,0.0005,100.0,518.67,644.02,1599.06,1429.58,14.62,21.61,550.77,2388.24,9138.69,1.3,48.14,519.66,2388.15,8197.97,8.5268,0.03,396,2388,100.0,38.56,23.0422,-1
18855,92,341,-0.0,-0.0004,100.0,518.67,644.04,1607.05,1428.06,14.62,21.61,551.34,2388.23,9143.56,1.3,48.01,519.83,2388.15,8201.66,8.5403,0.03,397,2388,100.0,38.26,23.0719,-1
19006,93,151,0.0034,-0.0002,100.0,518.67,643.43,1598.68,1436.78,14.62,21.61,551.11,2388.26,9062.89,1.3,48.0,519.97,2388.26,8138.51,8.5096,0.03,397,2388,100.0,38.4,23.0142,-1
19008,93,153,0.0024,0.0,100.0,518.67,643.77,1599.57,1428.83,14.62,21.61,552.0,2388.31,9068.57,1.3,48.12,519.53,2388.22,8143.45,8.5095,0.03,397,2388,100.0,38.57,23.1388,-1
19009,93,154,-0.0003,-0.0001,100.0,518.67,643.74,1604.81,1438.41,14.62,21.61,550.8,2388.22,9061.7,1.3,48.14,519.83,2388.27,8142.49,8.5313,0.03,396,2388,100.0,38.3,23.0633,-1
19256,94,246,-0.0032,0.0,100.0,518.67,643.22,1606.44,1430.55,14.62,21.61,550.74,2388.15,9132.74,1.3,47.9,520.09,2388.21,8195.39,8.5078,0.03,395,2388,100.0,38.37,23.1534,-1
19257,94,247,0.0004,-0.0004,100.0,518.67,643.55,1599.21,1431.52,14.62,21.61,552.2,2388.2,9138.9,1.3,48.18,520.35,2388.15,8199.0,8.5299,0.03,394,2388,100.0,38.52,23.0614,-1
19259,94,249,0.0023,-0.0004,100.0,518.67,644.04,1600.85,1420.47,14.62,21.61,551.97,2388.13,9139.87,1.3,48.01,520.38,2388.16,8199.38,8.5378,0.03,397,2388,100.0,38.49,23.098,-1
19260,94,250,0.0009,0.0,100.0,518.67,643.48,1600.99,1424.95,14.62,21.61,551.72,2388.15,9135.87,1.3,47.98,519.8,2388.21,8203.24,8.5354,0.03,397,2388,100.0,38.24,23.0782,-1
19261,94,251,0.0004,-0.0005,100.0,518.67,643.47,1592.46,1429.17,14.62,21.61,551.87,2388.2,9139.66,1.3,48.0,519.85,2388.21,8204.13,8.524,0.03,397,2388,100.0,38.4,23.1917,-1
19262,94,252,0.0003,0.0004,100.0,518.67,643.78,1598.39,1427.48,14.62,21.61,551.85,2388.19,9145.48,1.3,48.06,519.99,2388.15,8202.84,8.521,0.03,396,2388,100.0,38.51,22.9914,-1
19263,94,253,-0.0014,-0.0003,100.0,518.67,643.74,1605.27,1436.02,14.62,21.61,552.05,2388.12,9139.75,1.3,48.16,520.01,2388.14,8212.27,8.5423,0.03,396,2388,100.0,38.61,22.9593,-1
19264,94,254,0.0004,-0.0001,100.0,518.67,643.6,1601.94,1432.25,14.62,21.61,551.76,2388.16,9144.87,1.3,48.02,520.33,2388.16,8210.36,8.5299,0.03,395,2388,100.0,38.46,23.1186,-1
19265,94,255,0.0006,0.0003,100.0,518.67,643.25,1602.62,1430.43,14.62,21.61,552.07,2388.16,9146.93,1.3,47.98,519.63,2388.15,8208.35,8.5147,0.03,397,2388,100.0,38.42,22.9984,-1
19266,94,256,0.0016,0.0004,100.0,518.67,643.83,1600.52,1428.51,14.62,21.61,552.08,2388.19,9151.14,1.3,48.07,519.57,2388.17,8212.3,8.5452,0.03,396,2388,100.0,38.3,23.098,-1
19267,94,257,-0.0036,-0.0002,100.0,518.67,643.3,1604.05,1431.12,14.62,21.61,551.32,2388.22,9148.49,1.3,48.32,520.02,2388.22,8216.89,8.4959,0.03,396,2388,100.0,38.21,23.1518,-1
19268,94,258,0.003,0.0004,100.0,518.67,644.07,1600.69,1425.25,14.62,21.61,551.27,2388.15,9153.46,1.3,48.26,519.74,2388.19,8217.94,8.5335,0.03,396,2388,100.0,38.3,22.9862,-1
19269,95,1,0.0007,-0.0003,100.0,518.67,641.95,1581.56,1387.38,14.62,21.6,555.01,2387.92,9074.19,1.3,47.2,522.74,2387.93,8153.89,8.3884,0.03,393,2388,100.0,38.98,23.4483,-1
19271,95,3,-0.0012,-0.0002,100.0,518.67,642.7,1583.77,1394.14,14.62,21.6,554.72,2388.01,9069.28,1.3,46.85,522.69,2388.02,8148.79,8.4014,0.03,394,2388,100.0,38.9,23.4003,-1
19275,95,7,-0.0022,-0.0001,100.0,518.67,642.18,1577.41,1399.15,14.62,21.6,555.03,2387.98,9073.2,1.3,47.09,522.41,2387.96,8154.59,8.4035,0.03,392,2388,100.0,38.98,23.4846,-1
19282,95,14,-0.0017,-0.0003,100.0,518.67,641.89,1582.89,1393.8,14.62,21.61,554.9,2387.91,9074.5,1.3,47.05,523.01,2387.96,8151.47,8.3516,0.03,391,2388,100.0,39.13,23.4343,-1
19290,95,22,0.005,-0.0001,100.0,518.67,641.84,1582.17,1391.81,14.62,21.6,554.55,2387.99,9069.16,1.3,47.1,522.83,2388.0,8153.38,8.3757,0.03,392,2388,100.0,39.03,23.4455,-1
19301,95,33,0.0016,-0.0004,100.0,518.67,641.55,1590.63,1399.09,14.62,21.6,554.1,2388.03,9068.15,1.3,47.12,521.71,2388.0,8153.95,8.4021,0.03,393,2388,100.0,39.11,23.4466,-1
19307,95,39,-0.0025,-0.0004,100.0,518.67,641.95,1581.66,1397.86,14.62,21.6,554.1,2388.02,9067.91,1.3,47.04,522.68,2387.96,8151.08,8.3849,0.03,391,2388,100.0,39.13,23.5627,-1
19315,95,47,-0.002,-0.0003,100.0,518.67,642.4,1577.55,1399.76,14.62,21.6,554.41,2387.93,9064.74,1.3,47.23,522.58,2388.01,8153.78,8.3903,0.03,391,2388,100.0,38.92,23.391,-1
19319,95,51,0.0022,-0.0004,100.0,518.67,642.23,1587.91,1397.38,14.62,21.6,555.12,2387.95,9068.2,1.3,46.97,522.43,2388.02,8148.36,8.4209,0.03,390,2388,100.0,38.95,23.5191,-1
19332,95,64,-0.0013,0.0,100.0,518.67,642.11,1585.01,1392.21,14.62,21.6,555.06,2387.97,9077.08,1.3,47.08,522.29,2388.0,8155.2,8.3834,0.03,391,2388,100.0,39.05,23.456,-1
19333,95,65,0.0032,-0.0005,100.0,518.67,642.36,1582.01,1400.4,14.62,21.6,555.64,2387.96,9068.88,1.3,47.33,522.45,2387.95,8151.86,8.3818,0.03,393,2388,100.0,38.92,23.3155,-1
19348,95,80,-0.0013,0.0003,100.0,518.67,641.96,1583.86,1392.35,14.62,21.6,553.8,2388.03,9067.9,1.3,47.3,522.18,2387.92,8145.71,8.373,0.03,390,2388,100.0,39.02,23.4595,-1
19360,95,92,-0.0045,0.0001,100.0,518.67,642.51,1582.87,1397.31,14.62,21.6,553.39,2387.97,9069.2,1.3,47.12,522.24,2387.95,8151.22,8.3978,0.03,393,2388,100.0,38.88,23.3029,-1
19373,95,105,-0.0013,0.0002,100.0,518.67,642.34,1588.83,1404.64,14.62,21.6,554.26,2387.99,9065.28,1.3,47.18,521.76,2387.95,8149.55,8.3617,0.03,393,2388,100.0,39.07,23.4055,-1
19544,95,276,0.0013,0.0,100.0,518.67,643.63,1599.1,1417.99,14.62,21.61,551.55,2388.21,9107.69,1.3,48.17,519.5,2388.16,8188.61,8.4701,0.03,397,2388,100.0,38.41,23.2082,-1
19546,95,278,-0.0022,-0.0004,100.0,518.67,644.0,1592.75,1434.45,14.62,21.61,551.61,2388.19,9115.71,1.3,48.16,519.97,2388.18,8181.55,8.5212,0.03,395,2388,100.0,38.37,23.0713,-1
19547,95,279,-0.0008,0.0,100.0,518.67,643.57,1603.69,1435.36,14.62,21.61,551.09,2388.16,9120.0,1.3,48.05,520.1,2388.19,8179.43,8.518,0.03,395,2388,100.0,38.46,23.1727,-1
19548,95,280,-0.0011,-0.0004,100.0,518.67,643.46,1604.45,1433.15,14.62,21.61,551.13,2388.13,9116.78,1.3,48.17,520.27,2388.23,8189.1,8.5225,0.03,396,2388,100.0,38.44,23.1157,-1
19550,95,282,-0.0007,-0.0004,100.0,518.67,643.65,1609.32,1422.01,14.62,21.61,551.18,2388.13,9119.64,1.3,48.34,520.54,2388.16,8191.18,8.5332,0.03,395,2388,100.0,38.45,23.0771,-1
19551,95,283,0.0019,0.0003,100.0,518.67,643.43,1609.16,1430.97,14.62,21.61,551.48,2388.21,9120.46,1.3,48.16,519.27,2388.2,8183.58,8.5648,0.03,396,2388,100.0,38.37,23.1041,-1
19876,96,325,-0.0019,0.0005,100.0,518.67,643.57,1602.58,1429.81,14.62,21.61,551.29,2388.25,9069.77,1.3,48.16,519.72,2388.22,8143.15,8.5615,0.03,396,2388,100.0,38.55,22.8942,-1
19879,96,328,-0.0001,0.0005,100.0,518.67,643.62,1598.42,1430.42,14.62,21.61,550.82,2388.22,9069.87,1.3,48.03,519.14,2388.28,8136.92,8.5124,0.03,397,2388,100.0,38.38,23.1484,-1
19880,96,329,0.0025,0.0002,100.0,518.67,643.43,1599.78,1426.81,14.62,21.61,551.5,2388.26,9068.69,1.3,48.26,519.88,2388.22,8142.85,8.5264,0.03,397,2388,100.0,38.42,23.072,-1
19881,96,330,0.0028,-0.0002,100.0,518.67,644.0,1602.21,1432.39,14.62,21.61,551.43,2388.23,9075.54,1.3,48.14,519.99,2388.23,8144.98,8.5336,0.03,395,2388,100.0,38.5,23.0216,-1
19882,96,331,-0.001,0.0002,100.0,518.67,643.88,1601.34,1431.16,14.62,21.61,551.52,2388.25,9071.86,1.3,48.02,520.23,2388.27,8143.42,8.5055,0.03,395,2388,100.0,38.27,23.0869,-1
19884,96,333,0.0015,0.0004,100.0,518.67,644.2,1603.88,1426.93,14.62,21.61,551.45,2388.21,9073.41,1.3,48.08,519.49,2388.2,8140.98,8.5158,0.03,396,2388,100.0,38.3,23.0309,-1
19886,96,335,0.0001,0.0005,100.0,518.67,644.13,1595.57,1430.52,14.62,21.61,551.64,2388.24,9075.38,1.3,48.1,519.61,2388.25,8143.74,8.5615,0.03,396,2388,100.0,38.51,23.0118,-1
19887,96,336,-0.0031,-0.0005,100.0,518.67,643.74,1599.2,1432.12,14.62,21.61,550.78,2388.28,9075.64,1.3,48.17,519.18,2388.24,8144.03,8.5022,0.03,397,2388,100.0,38.36,23.0258,-1
19976,97,89,0.0034,-0.0001,100.0,518.67,642.61,1587.81,1402.91,14.62,21.6,553.28,2388.06,9047.27,1.3,47.1,522.24,2387.98,8133.95,8.4098,0.03,393,2388,100.0,38.99,23.4547,-1
20070,97,183,0.0043,0.0005,100.0,518.67,643.29,1590.71,1418.39,14.62,21.61,552.64,2388.04,9142.59,1.3,47.68,521.01,2388.04,8213.45,8.4877,0.03,397,2388,100.0,38.72,23.2412,-1
20071,97,184,0.0034,0.0004,100.0,518.67,643.89,1593.07,1414.26,14.62,21.61,552.59,2388.06,9152.46,1.3,47.86,521.04,2388.07,8213.26,8.4611,0.03,397,2388,100.0,38.79,23.1632,-1
20073,97,186,-0.0035,0.0003,100.0,518.67,643.37,1601.66,1421.33,14.62,21.61,552.6,2388.06,9150.47,1.3,47.79,520.82,2388.04,8215.76,8.4474,0.03,394,2388,100.0,38.51,23.1516,-1
20074,97,187,-0.0008,-0.0001,100.0,518.67,642.8,1602.2,1420.68,14.62,21.61,552.31,2388.1,9154.23,1.3,47.76,520.61,2388.11,8225.96,8.4599,0.03,394,2388,100.0,38.54,23.2791,-1
20076,97,189,-0.0011,0.0,100.0,518.67,643.38,1600.39,1426.13,14.62,21.61,552.45,2388.07,9149.75,1.3,47.8,521.07,2388.11,8229.61,8.5041,0.03,396,2388,100.0,38.73,23.1423,-1
20077,97,190,-0.0002,0.0002,100.0,518.67,643.49,1596.78,1415.18,14.62,21.61,552.7,2388.15,9163.63,1.3,47.81,520.18,2388.09,8225.24,8.4779,0.03,397,2388,100.0,38.54,23.1952,-1
20078,97,191,0.0024,0.0003,100.0,518.67,643.05,1596.91,1423.38,14.62,21.61,551.78,2388.13,9170.87,1.3,47.86,520.97,2388.09,8232.57,8.5344,0.03,396,2388,100.0,38.49,23.1782,-1
20079,97,192,0.0021,-0.0001,100.0,518.67,643.54,1610.06,1421.38,14.62,21.61,552.03,2388.11,9171.51,1.3,47.97,521.33,2388.09,8228.95,8.5013,0.03,395,2388,100.0,38.44,23.086,-1
20080,97,193,-0.0001,-0.0,100.0,518.67,643.11,1596.09,1418.23,14.62,21.61,552.47,2388.19,9173.21,1.3,47.75,520.29,2388.11,8238.18,8.4864,0.03,396,2388,100.0,38.6,23.0863,-1
20081,97,194,-0.003,0.0001,100.0,518.67,643.35,1607.58,1420.27,14.62,21.61,552.42,2388.1,9178.98,1.3,47.85,520.78,2388.17,8240.75,8.4759,0.03,395,2388,100.0,38.53,23.1768,-1
20082,97,195,0.0029,0.0004,100.0,518.67,643.96,1599.16,1424.68,14.62,21.61,552.66,2388.16,9179.63,1.3,47.82,520.35,2388.16,8247.82,8.5138,0.03,395,2388,100.0,38.57,23.0651,-1
20083,97,196,-0.0001,0.0,100.0,518.67,643.19,1597.51,1429.74,14.62,21.61,552.69,2388.11,9187.06,1.3,47.87,520.83,2388.13,8240.08,8.4874,0.03,395,2388,100.0,38.51,23.1614,-1
20084,97,197,-0.0008,0.0003,100.0,518.67,643.48,1604.51,1427.37,14.62,21.61,552.38,2388.17,9189.58,1.3,47.97,520.26,2388.11,8250.71,8.5596,0.03,396,2388,100.0,38.67,23.1556,-1
20085,97,198,-0.0008,-0.0002,100.0,518.67,643.52,1605.46,1426.47,14.62,21.61,553.18,2388.15,9197.35,1.3,48.16,520.41,2388.12,8255.95,8.5132,0.03,397,2388,100.0,38.38,22.9548,-1
20086,97,199,0.0019,-0.0002,100.0,518.67,643.97,1605.94,1429.9,14.62,21.61,551.84,2388.16,9201.83,1.3,48.07,520.13,2388.08,8258.58,8.4981,0.03,400,2388,100.0,38.59,23.0657,-1
20087,97,200,-0.0035,0.0005,100.0,518.67,643.2,1601.34,1429.4,14.62,21.61,552.04,2388.12,9203.16,1.3,48.04,519.98,2388.16,8257.38,8.5402,0.03,396,2388,100.0,38.39,23.0501,-1
20088,97,201,-0.0026,-0.0001,100.0,518.67,643.46,1606.9,1430.66,14.62,21.61,552.19,2388.19,9207.74,1.3,48.18,520.06,2388.15,8270.91,8.5514,0.03,397,2388,100.0,38.44,23.1451,-1
20089,97,202,0.0014,0.0001,100.0,518.67,643.79,1610.66,1427.41,14.62,21.61,551.55,2388.15,9208.02,1.3,47.94,519.91,2388.15,8263.63,8.5277,0.03,397,2388,100.0,38.29,23.1184,-1
20244,98,155,-0.0003,-0.0003,100.0,518.67,643.96,1602.49,1424.95,14.62,21.61,551.84,2388.31,9055.83,1.3,48.23,519.44,2388.3,8126.76,8.5058,0.03,396,2388,100.0,38.48,23.0874,-1
20245,98,156,0.0077,-0.0003,100.0,518.67,643.02,1603.77,1432.16,14.62,21.61,551.52,2388.24,9058.54,1.3,48.29,519.55,2388.26,8122.22,8.5308,0.03,396,2388,100.0,38.33,23.1137,-1
20424,99,179,0.0009,0.0002,100.0,518.67,643.27,1598.04,1430.96,14.62,21.61,551.14,2388.29,9058.47,1.3,48.14,519.64,2388.31,8136.11,8.5199,0.03,397,2388,100.0,38.45,23.1405,-1
20425,99,180,0.0009,-0.0001,100.0,518.67,643.35,1616.91,1428.75,14.62,21.61,551.23,2388.24,9059.16,1.3,48.26,519.32,2388.22,8128.96,8.4729,0.03,396,2388,100.0,38.49,22.9396,-1
20426,99,181,-0.0015,-0.0001,100.0,518.67,643.72,1600.39,1428.03,14.62,21.61,551.09,2388.27,9054.88,1.3,48.23,519.6,2388.29,8123.55,8.4885,0.03,396,2388,100.0,38.5,23.0425,-1
20427,99,182,-0.0027,-0.0003,100.0,518.67,643.52,1605.33,1430.32,14.62,21.61,551.61,2388.26,9063.31,1.3,48.16,519.32,2388.27,8130.99,8.5124,0.03,393,2388,100.0,38.39,22.9674,-1
20428,99,183,-0.0031,-0.0003,100.0,518.67,643.96,1606.95,1427.9,14.62,21.61,550.86,2388.32,9055.8,1.3,48.48,519.69,2388.31,8126.9,8.5374,0.03,395,2388,100.0,38.57,23.144,-1
20429,99,184,-0.001,-0.0001,100.0,518.67,644.1,1600.2,1436.54,14.62,21.61,551.51,2388.29,9060.79,1.3,48.12,519.84,2388.33,8125.66,8.5592,0.03,395,2388,100.0,38.45,23.0478,-1
20430,99,185,-0.0019,-0.0004,100.0,518.67,643.93,1598.42,1421.56,14.62,21.61,550.64,2388.29,9050.61,1.3,48.29,519.99,2388.24,8127.53,8.5425,0.03,397,2388,100.0,38.49,23.1931,-1
20621,100,191,-0.0005,-0.0,100.0,518.67,643.69,1610.87,1427.19,14.62,21.61,551.78,2388.26,9068.9,1.3,48.07,519.8,2388.28,8143.56,8.5092,0.03,398,2388,100.0,38.39,23.1218,-1
20623,100,193,-0.0001,0.0002,100.0,518.67,643.09,1599.81,1428.93,14.62,21.61,552.04,2388.29,9067.57,1.3,48.19,520.11,2388.19,8142.02,8.5424,0.03,397,2388,100.0,38.47,23.023,-1
20625,100,195,-0.0002,-0.0001,100.0,518.67,643.41,1600.04,1431.9,14.62,21.61,551.42,2388.23,9069.69,1.3,48.22,519.71,2388.28,8142.9,8.5519,0.03,394,2388,100.0,38.14,23.1923,-1
20627,100,197,-0.0016,-0.0005,100.0,518.67,643.54,1604.5,1433.58,14.62,21.61,550.86,2388.23,9065.11,1.3,48.04,519.68,2388.22,8136.5,8.5139,0.03,395,2388,100.0,38.3,23.1594,-1
20628,100,198,0.0004,0.0,100.0,518.67,643.42,1602.46,1428.18,14.62,21.61,550.94,2388.24,9065.9,1.3,48.09,520.01,2388.24,8141.05,8.5646,0.03,398,2388,100.0,38.44,22.9333,-1
20629,100,199,-0.0011,0.0003,100.0,518.67,643.23,1605.26,1426.53,14.62,21.61,550.68,2388.25,9073.72,1.3,48.39,519.67,2388.23,8139.29,8.5389,0.03,395,2388,100.0,38.29,23.064,-1
20630,100,200,-0.0032,-0.0005,100.0,518.67,643.85,1600.38,1432.14,14.62,21.61,550.79,2388.26,9061.48,1.3,48.2,519.3,2388.26,8137.33,8.5036,0.03,396,2388,100.0,38.37,23.0522,-1
